"Timestamp","Select gender","Postal zone(e.g Kingston 2) ","Please select your age group","What is your usual craving for Jamaican breakfast?","Which of these popular Jamaican sides would you pair with your breakfast? ","What do you usually order for a light breakfast?","Which meat type do you prefer?","Which of these would you typically order for lunch? ","And what side dish would you choose to go with that? ","Which of these cooking styles or flavors do you enjoy the most in your meals? ","Which of these popular Jamaican Juices would you choose with your lunch? ","What drink would you most likely order with your lunch? ","Which of these smoothie combinations sounds most refreshing to you?"
"2025/03/24 5:46:10 PM EST","Female","St. Catherine","Yound Adult (20 - 29)","Cooked up saltfish","Breadfruit;Fritters;Festival","Scrambled eggs;Porridge;French toast","Chicken;Fish","Fried chicken","Rice and Peas","Jamaican ( eg. brown stew, run down, escoveitch)","Orange Juice","Soft drink","Banana, oats, nutmegs, almond milk"
"2025/03/25 3:20:20 PM EST","Male","2","Yound Adult (20 - 29)","Egg","Bread","Scrambled Eggs;Sausage;Fruits","Chicken;Fish;Pork;Goat","Sandwich/Burger","Fries","Jamaican ( eg. brown stew, run down, escoveitch)","Orange Juice","Tropical Rythm","Banana, oats, nutmegs, almond milk"
"2025/03/25 3:20:57 PM EST","Female","Kingston 7","Yound Adult (20 - 29)","Egg","Fry Dumpling","Scrambled Eggs","Chicken","Jerk Chicken","Rice and Peas","Indian (eg. curry)","Guava pineapple Juice","Cran Wata","Fruits (no milk)"
"2025/03/25 3:23:48 PM EST","Female","Kingston 11","Yound Adult (20 - 29)","Egg","Fry Dumpling","Porridge;Sandwich","Chicken","Sandwich/Burger","Fries","Chinese (eg. stir fries)","Water","Water","Fruits (with milk)"
"2025/03/25 3:27:46 PM EST","Female","Kingston 19","Yound Adult (20 - 29)","Ackee & Saltfish","Ground Provision/ Soul Food;Fry Dumpling;Boiled Dumpling;Fritters;Festival","French Toast;Scrambled Eggs","Chicken;Fish;Pork;Goat;Beef","Fry Chicken","Rice and Peas","Jamaican ( eg. brown stew, run down, escoveitch)","Orange Juice;Water","Water","Fruits (no milk)"
"2025/03/25 3:27:56 PM EST","Female","","Yound Adult (20 - 29)","Callaloo","Fry Dumpling;Bammy;Breadfruit;Fritters;Festival","Porridge;Pancakes;Waffles;Bacon;Scrambled Eggs;Sandwich;Sausage;Fruits","Chicken;Fish;Pork;Goat;Beef","Fry Chicken","Rice and Peas;Fries;Raw vegetables salad","Jamaican ( eg. brown stew, run down, escoveitch)","Pine & ginger Juice;Juneplum Juice;Orange Juice","Cran Wata","Fruits (no milk)"
"2025/03/25 3:29:48 PM EST","Female","8","Yound Adult (20 - 29)","Egg","Fry Dumpling;Fritters;Festival","French Toast;Scrambled Eggs","Chicken;Fish","Patty","Coco Bread","Chinese (eg. stir fries)","I prefer water","Cran Wata","Fruits (no milk)"
"2025/03/25 3:29:51 PM EST","Female","2","Yound Adult (20 - 29)","Egg","Breadfruit;Fritters;Hashbrown","French Toast;Fruits","Chicken;Pork","Sandwich/Burger","Fries","Jamaican ( eg. brown stew, run down, escoveitch)","Pine & ginger Juice;Juneplum Juice;Guava pineapple Juice;Orange Juice","Tropical Rythm","Fruits (no milk)"
"2025/03/25 3:33:23 PM EST","Female","Kingston 7","Yound Adult (20 - 29)","Ackee & Saltfish","Fry Dumpling;Festival","Scrambled Eggs;Sausage","Chicken","Patty","Fries","Jamaican ( eg. brown stew, run down, escoveitch)","Guava pineapple Juice","Tropical Rythm","Banana, oats, nutmegs, almond milk"
"2025/03/25 3:33:35 PM EST","Female","","Yound Adult (20 - 29)","Beans and sausage","Fry Dumpling;Fritters;Festival","Scrambled Eggs;Sandwich","Chicken;Fish","Patty","Fries","Jamaican ( eg. brown stew, run down, escoveitch)","Guava pineapple Juice","Water","Fruits (no milk)"
"2025/03/25 3:44:18 PM EST","Female","","Yound Adult (20 - 29)","Ackee & Saltfish","Ground Provision/ Soul Food;Fry Dumpling;Boiled Dumpling","Waffles;Bacon","Chicken;Fish;Pork;Goat;Beef","Fry Chicken","Rice and Peas;Mashed potatoes","Jamaican ( eg. brown stew, run down, escoveitch)","Beetroot Juice","Tropicana","Banana, oats, nutmegs, almond milk"
"2025/03/25 3:45:38 PM EST","Female","","Yound Adult (20 - 29)","Kidney","Fry Dumpling;Boiled Dumpling","Porridge;Bacon;Scrambled Eggs;Sandwich;Sausage;Fruits","Chicken;Fish","Fry Chicken","Rice and Peas","Indian (eg. curry)","Pine & ginger Juice;Guava pineapple Juice;Orange Juice","Soft drink","Fruits (no milk)"
"2025/03/25 3:49:54 PM EST","Female","Kingston 10","Yound Adult (20 - 29)","Ackee & Saltfish","Ground Provision/ Soul Food;Bammy;Breadfruit;Festival","Sandwich","Chicken;Fish;Goat","Jerk Chicken","Rice and Peas;Mashed potatoes;Raw vegetables salad;Macaroni salad","Jamaican ( eg. brown stew, run down, escoveitch)","Pine & ginger Juice;Guava pineapple Juice","Cran Wata","Fruits (no milk)"
"2025/03/25 3:54:09 PM EST","Female","","Yound Adult (20 - 29)","Beans and sausage","Fry Dumpling;Breadfruit;Fritters;Festival","Porridge;Bacon;Scrambled Eggs;Sandwich;Sausage;Fruits","Chicken;Beef","Fry Chicken","Rice and Peas;Alfredo pasta;Mashed potatoes;Fries","Jamaican ( eg. brown stew, run down, escoveitch)","Guava pineapple Juice;Orange Juice","Box drink","Fruits (with milk)"
"2025/03/25 3:58:02 PM EST","Female","","Teenager (12 - 19)","Egg","Fry Dumpling;Breadfruit;Fritters","Sandwich;Fruits","Beef","Fry Chicken","Coco Bread;Alfredo pasta;Macaroni salad","Chinese (eg. stir fries)","Juneplum Juice","Tropical Rythm","Fruits (with milk)"
"2025/03/25 4:00:06 PM EST","Female","Kingston 20","Youn Adult (20 - 29)","Ackee & Saltfish","Ground Provision/ Soul Food;Boiled Dumpling;Breadfruit","Porridge;Waffles;Sandwich","Beef","Barbe-Fry Chicken","Rice and Peas;Raw vegetables salad","Jamaican ( eg. brown stew, run down, escoveitch)","Orange Juice","Cran Wata","Fruits (no milk)"
"2025/03/25 4:00:31 PM EST","Female","","Teenager (12 - 19)","Beans and sausage","Fry Dumpling;Fritters","Sandwich","Chicken","Fry Chicken","Rice and Peas;Macaroni salad","Chinese (eg. stir fries)","Guava pineapple Juice;Orange Juice","Soft drink","Fruits (with milk)"
"2025/03/25 4:02:36 PM EST","Female","","Young Adult (20 - 29)","Ackee & Saltfish","Fry Dumpling;Boiled Dumpling;Breadfruit;Fritters","Pancakes;French Toast;Waffles;Scrambled Eggs;Sandwich;Sausage","Chicken;Fish;Goat","Fry Chicken","Rice and Peas;White Rice;Fries","Jamaican ( eg. brown stew, run down, escoveitch)","Guava pineapple Juice;Orange Juice","Soft drink","Fruits (no milk)"
"2025/03/25 4:06:02 PM EST","Male","Kingston 3","Young Adult (20 - 29)","Liver","Fry Dumpling","Waffles;Scrambled Eggs;Fruits","Chicken;Fish;Goat;Beef","Fry Chicken","Rice and Peas;Fries","Jamaican ( eg. brown stew, run down, escoveitch)","Orange Juice","Tropicana","Fruits (no milk)"
"2025/03/25 4:08:20 PM EST","Female","","Young Adult (20 - 29)","Callaloo","Boiled Dumpling","Pancakes","Chicken","Fry Chicken","Rice and Peas","Indian (eg. curry)","Orange Juice","Tropical Rythm","Fruits (no milk)"
"2025/03/25 4:10:35 PM EST","Female","Kingston 6","Young Adult (20 - 29)","Ackee & Saltfish","Fry Dumpling","Scrambled Eggs;Sandwich","Chicken","Barbe-Fry Chicken","Rice and Peas","Indian (eg. curry)","Pine & ginger Juice","Soft drink","Fruits (no milk)"
"2025/03/25 4:15:03 PM EST","Female","Spanish Town","Teenager (12 - 19)","Ackee & Saltfish","Fry Dumpling","Porridge;Scrambled Eggs;Fruits","Chicken","Barbe-Fry Chicken","Rice and Peas;Macaroni salad","Chinese (eg. stir fries)","Juneplum Juice;Orange Juice","Cran Wata","Fruits (with milk)"
"2025/03/25 4:18:21 PM EST","Female","Kingston 8","Young Adult (20 - 29)","Ackee & Saltfish","Ground Provision/ Soul Food;Fry Dumpling;Boiled Dumpling;Breadfruit;Festival","Porridge;Scrambled Eggs;Sandwich","Chicken;Fish","Barbe-Fry Chicken","Rice and Peas;Raw vegetables salad;Macaroni salad","Jamaican ( eg. brown stew, run down, escoveitch)","Callaloo Juice;Juneplum Juice;Beetroot Juice;Orange Juice","Water","Banana, oats, nutmegs, almond milk"
"2025/03/25 4:20:15 PM EST","Female","","Young Adult (20 - 29)","Liver","Fry Dumpling;Boiled Dumpling;Fritters;Festival","Pancakes;Waffles;Scrambled Eggs;Sandwich","Chicken;Pork;Beef","Patty","Coco Bread;Fries","Jamaican ( eg. brown stew, run down, escoveitch)","Pine & ginger Juice;Guava pineapple Juice","Cran Wata","Fruits (with milk)"
"2025/03/25 4:20:45 PM EST","Male","Westmoreland 5","Teenager (12 - 19)","Ackee & Saltfish","Fry Dumpling;Fritters","Scrambled Eggs;Sandwich","Chicken;Pork","Fry Chicken","Rice and Peas;Raw vegetables salad","Jamaican ( eg. brown stew, run down, escoveitch)","Juneplum Juice;Orange Juice","Soft drink","Banana, oats, nutmegs, almond milk"
"2025/03/25 4:21:37 PM EST","Female","JMCAN19","Teenager (12 - 19)","Egg","Ground Provision/ Soul Food;Fry Dumpling;Boiled Dumpling;Bammy;Breadfruit;Hashbrown;Festival","Porridge;Fruits","Chicken;Pork","Fry Chicken","Rice and Peas;Fries;Raw vegetables salad;Festival","Jamaican ( eg. brown stew, run down, escoveitch)","Orange Juice","Wata","Fruits (with milk)"
"2025/03/25 4:21:46 PM EST","Female","Kingston 7","Teenager (12 - 19)","Egg","Fry Dumpling;Breadfruit;Hashbrown;Festival","Pancakes;Sandwich","Chicken;Fish","Fry Chicken","Rice and Peas;Macaroni salad","Chinese (eg. stir fries)","Orange Juice","Water","Fruits (no milk)"
"2025/03/25 4:22:12 PM EST","Female","","Teenager (12 - 19)","Ackee & Saltfish","Boiled Dumpling","Porridge;Sandwich;Sausage","Chicken;Goat","Barbe-Fry Chicken","Rice and Peas;Coco Bread;Festival","Jamaican ( eg. brown stew, run down, escoveitch)","Guava pineapple Juice","Sparkling Cran Wata","Banana, oats, nutmegs, almond milk"
"2025/03/25 4:23:07 PM EST","Male","St Mary ","Young Adult (20 - 29)","Stew chicken ","Yam","Scrambled Eggs","Chicken;Pork","Fry Chicken","Rice and Peas;Raw vegetables salad","Jamaican ( eg. brown stew, run down, escoveitch)","Orange Juice","Soft drink","Fruits (no milk)"
"2025/03/25 4:25:48 PM EST","Male","Kingston 7","Young Adult (20 - 29)","Egg","waffles","Porridge;Pancakes;Bacon;Scrambled Eggs;fritters ","Chicken;Pork;Goat","Fry Chicken","Rice and Peas;Raw vegetables salad","Jamaican ( eg. brown stew, run down, escoveitch)","Pine & ginger Juice;Juneplum Juice;Beetroot Juice","Tropical Rythm","Fruits (no milk)"
"2025/03/25 4:26:20 PM EST","Female","Kingston 20","Teenager (12 - 19)","Stew Chicken and Fried Dumpling","Fry Dumpling","Fruits","Chicken;Fish;Goat;Beef","Barbe-Fry Chicken","Rice and Peas;Festival","Jamaican ( eg. brown stew, run down, escoveitch)","Juneplum Juice","Water","Fruits (no milk)"
"2025/03/25 4:26:49 PM EST","Female","Kingston 7","Young Adult (20 - 29)","Egg","Hashbrown","Scrambled Eggs","Chicken","Sandwich/Burger","Fries","Jamaican ( eg. brown stew, run down, escoveitch)","Orange Juice","Tropicana","Fruits (with milk)"
"2025/03/25 4:29:30 PM EST","Female","Kingston ","Teenager (12 - 19)","Ackee & Saltfish","Fry Dumpling;Plantain ","Porridge","Beef","Fry Chicken","Rice and Peas","Jamaican ( eg. brown stew, run down, escoveitch)","Orange Juice","Tropical Rythm","Fruits (no milk)"
"2025/03/25 4:29:53 PM EST","Male","Kingston 2","Young Adult (20 - 29)","Ackee & Saltfish","Ground Provision/ Soul Food;Fry Dumpling;Boiled Dumpling;Breadfruit;Festival","Porridge;Pancakes;French Toast;Waffles;Bacon;Scrambled Eggs;Sandwich","Chicken;Beef","Barbe-Fry Chicken","Rice and Peas;White Rice;Fries","Jamaican ( eg. brown stew, run down, escoveitch)","Pine & ginger Juice;Juneplum Juice;Guava pineapple Juice;Orange Juice","Tropical Rythm","Banana, oats, nutmegs, almond milk"
"2025/03/25 4:31:36 PM EST","Female","Kingston 7","Young Adult (20 - 29)","Cooked-up Saltfish","Fry Dumpling","Fruits","Chicken","Fry Chicken","Rice and Peas","Jamaican ( eg. brown stew, run down, escoveitch)","Orange Juice","Cran Wata","Fruits (no milk)"
"2025/03/25 4:35:52 PM EST","Female","K7","Young Adult (20 - 29)","Not Jamaican, I crave sada roti","Hashbrown;Festival","Porridge;Pancakes;Waffles;Bacon;Sandwich;Fruits;Cereal and milk","Chicken;Shrimp","Sandwich/Burger","Alfredo pasta;Mashed potatoes;Fries;Macaroni salad;Festival","Italian- cheese, bread dough, pasta","Guava pineapple Juice","Water","Banana, oats, nutmegs, almond milk"
"2025/03/25 4:36:08 PM EST","Male","Portmore","Millenials (30 - 44)","Egg","Ground Provision/ Soul Food","Scrambled Eggs;Sausage","Chicken;Fish","Bake Chicken","Mashed potatoes;Raw vegetables salad","Vegan/Ital/Rastafarian (eg. Tofu, Veggie chunks, lentils)","Juneplum Juice","Water","Banana, oats, nutmegs, almond milk"
"2025/03/25 4:40:49 PM EST","Male","Kingston 7","Young Adult (20 - 29)","Ackee & Saltfish","Ground Provision/ Soul Food;Fry Dumpling;Boiled Dumpling;Breadfruit;Fritters;Festival","Sandwich;Fruits","Chicken;Fish;Pork;Goat;Beef","Patty","Coco Bread","Chinese (eg. stir fries)","Pine & ginger Juice;Juneplum Juice;Guava pineapple Juice;Beetroot Juice;Orange Juice","Water","Fruits (no milk)"
"2025/03/25 4:45:24 PM EST","Female","Kingston 10","Young Adult (20 - 29)","Cabbage","Ground Provision/ Soul Food;Fry Dumpling;Boiled Dumpling;Breadfruit;Fritters","Porridge;Waffles;Scrambled Eggs;Fruits","Chicken;Goat;Beef","Bake Chicken","Rice and Peas;Raw vegetables salad","Jamaican ( eg. brown stew, run down, escoveitch)","Guava pineapple Juice","Tropical Rythm","Fruits (no milk)"
"2025/03/25 4:48:24 PM EST","Male","","Young Adult (20 - 29)","Beans and sausage","Fry Dumpling;Breadfruit;Fritters","Sandwich","Chicken;Beef","Fry Chicken","Rice and Peas","Jamaican ( eg. brown stew, run down, escoveitch)","Orange Juice","Cran Wata","Fruits (no milk)"
"2025/03/25 4:48:26 PM EST","Male","","Young Adult (20 - 29)","Ackee & Saltfish","","Porridge;Scrambled Eggs;Sandwich;Fruits","Chicken;Fish","Fry Chicken","Rice and Peas;Mashed potatoes;Raw vegetables salad","Jamaican ( eg. brown stew, run down, escoveitch)","Juneplum Juice","Tropicana","Fruits (no milk)"
"2025/03/25 4:53:43 PM EST","Female","Kingston 6","Young Adult (20 - 29)","Cooked-up Saltfish","Boiled Dumpling;Bammy","Porridge;Sandwich","Chicken;Pork;Beef","Fry Chicken","Rice and Peas;Fries;Macaroni salad","Jamaican ( eg. brown stew, run down, escoveitch)","Pine & ginger Juice;Guava pineapple Juice;Orange Juice","Soft drink","Fruits (no milk)"
"2025/03/25 4:58:58 PM EST","Female","Kingston 2","Young Adult (20 - 29)","Kidney","Ground Provision/ Soul Food;Boiled Dumpling","Bacon;Scrambled Eggs","Chicken;Beef","Fry Chicken","Rice and Peas;Mashed potatoes;Raw vegetables salad","Jamaican ( eg. brown stew, run down, escoveitch)","Orange Juice","Soft drink","Fruits (no milk)"
"2025/03/25 5:02:43 PM EST","Male","","Young Adult (20 - 29)","Egg","Pancakes","Pancakes","Chicken","Bake Chicken","Raw vegetables salad","Jamaican ( eg. brown stew, run down, escoveitch)","Pine & ginger Juice","Tropicana","Fruits (no milk)"
"2025/03/25 5:37:47 PM EST","Female","","Young Adult (20 - 29)","Ackee & Saltfish","Fry Dumpling;Bammy;Festival","Waffles;Bacon;Scrambled Eggs;Sausage;Fruits","Chicken;Fish","Sandwich/Burger","Rice and Peas;Alfredo pasta","Indian (eg. curry)","Juneplum Juice","Tropical Rythm","Fruits except banana without milk "
"2025/03/25 6:01:59 PM EST","Female","","Young Adult (20 - 29)","Egg","Fry Dumpling","Porridge","Fish;Beef","Barbe-Fry Chicken","Rice and Peas;Alfredo pasta","Indian (eg. curry)","Pine & ginger Juice","Soft drink","Banana, oats, nutmegs, almond milk"
"2025/03/25 6:07:24 PM EST","Female","Kingston 7","Young Adult (20 - 29)","Egg","Hashbrown","Pancakes;French Toast;Waffles;Bacon;Scrambled Eggs;Sandwich;Sausage;Fruits","Chicken;Beef","Jerk Chicken","Rice and Peas","Jamaican ( eg. brown stew, run down, escoveitch)","Orange Juice","Soft drink","Banana, oats, nutmegs, almond milk"
"2025/03/25 6:14:10 PM EST","Female","Kingston 7","Teenager (12 - 19)","Egg","Festival","Pancakes","Chicken","Fry Chicken","Coco Bread;Fries","Chinese (eg. stir fries)","Orange Juice","Squeeze","Fruits (no milk)"
"2025/03/25 6:45:00 PM EST","Female","Kingston 2","Young Adult (20 - 29)","Ackee & Saltfish","Breadfruit","French Toast;Bacon;Scrambled Eggs","Chicken;Fish","Sandwich/Burger","Fries","Chinese (eg. stir fries)","Pine & ginger Juice;Juneplum Juice;Orange Juice","Soft drink","Fruits (no milk)"
"2025/03/25 6:51:10 PM EST","Female","Kingston 6","Young Adult (20 - 29)","Egg","Bread","French Toast;Scrambled Eggs;Sausage","Chicken;Beef","Fry Chicken","Rice and Peas","Jamaican ( eg. brown stew, run down, escoveitch)","Orange Juice","Cran Wata","Banana, oats, nutmegs, almond milk"
"2025/03/25 6:55:02 PM EST","Female","Kingston 10","Teenager (12 - 19)","I don’t really have breakfast, but when I do, it’s mainly an egg sandwich.","Ground Provision/ Soul Food;Fry Dumpling;Bammy;Breadfruit;Fritters;Hashbrown","Porridge;Bacon;Scrambled Eggs;Sandwich;Sausage","Chicken;Pork;Beef","Barbe-Fry Chicken","Rice and Peas;Raw vegetables salad","Chinese (eg. stir fries)","Juneplum Juice;Guava pineapple Juice","Water","Fruits (no milk)"
"2025/03/25 6:59:12 PM EST","Female","Kingston 12","Young Adult (20 - 29)","Beans and sausage","Fry Dumpling;Festival","Porridge;Sandwich;Fruits","Chicken","Bake Chicken","Rice and Peas;Alfredo pasta","Indian (eg. curry)","Juneplum Juice","Cran Wata","Fruits (with milk)"
"2025/03/25 7:00:34 PM EST","Female","Kingston 8","Young Adult (20 - 29)","Beans and sausage","Fry Dumpling;Bammy;Breadfruit;Festival","Porridge;Pancakes;Waffles;Sandwich;Fruits","Chicken;Fish;Pork;Beef","Barbe-Fry Chicken","Rice and Peas;Fries","Jamaican ( eg. brown stew, run down, escoveitch)","Juneplum Juice;Beetroot Juice;Orange Juice","Cran Wata","Spinach, Skim Milk, Chia Seeds"
"2025/03/25 7:03:08 PM EST","Female","","Teenager (12 - 19)","Ackee & Saltfish","Boiled Dumpling;Breadfruit","Porridge;Sandwich;Fruits","Chicken;Pork;Goat;Beef","Sandwich/Burger","Fries","Jamaican ( eg. brown stew, run down, escoveitch)","Pine & ginger Juice;Juneplum Juice;Orange Juice","Water","Fruits (with milk)"
"2025/03/25 7:05:42 PM EST","Female","kingston 7","Young Adult (20 - 29)","na","Fry Dumpling;Breadfruit;Fritters;Festival","Scrambled Eggs;Sandwich;Sausage;Fruits","Chicken;Beef","Barbe-Fry Chicken","Mashed potatoes;Fries;Raw vegetables salad;Macaroni salad","Chinese (eg. stir fries)","Juneplum Juice","Cran Wata","Banana, oats, nutmegs, almond milk"
"2025/03/25 7:08:39 PM EST","Female","Kingston 8","Young Adult (20 - 29)","Ackee & Saltfish","Fry Dumpling;Breadfruit;Festival","Porridge;Sandwich","Chicken;Pork","Patty","Coco Bread","Chinese (eg. stir fries)","Guava pineapple Juice","Soft drink","Fruits (no milk)"
"2025/03/25 7:10:59 PM EST","Female","Kingston 7","Teenager (12 - 19)","Ackee & Saltfish","Ground Provision/ Soul Food;Fry Dumpling;Boiled Dumpling;Breadfruit","Bacon;Sandwich","Chicken;Fish","Fry Chicken","Mashed potatoes;Fries","Jamaican ( eg. brown stew, run down, escoveitch)","Pine & ginger Juice;Guava pineapple Juice;Beetroot Juice","Tropicana","Fruits (with milk)"
"2025/03/25 7:25:24 PM EST","Female","Kingston 11","Teenager (12 - 19)","Callaloo","Fry Dumpling","Sandwich","Chicken;Fish;Goat;Beef","Fry Chicken","Rice and Peas","Jamaican ( eg. brown stew, run down, escoveitch)","Pine & ginger Juice;Guava pineapple Juice;Orange Juice","Soft drink","Banana, oats, nutmegs, almond milk"
"2025/03/25 7:27:39 PM EST","Female","Kingston 20","Young Adult (20 - 29)","Ackee & Saltfish","Fry Dumpling;Boiled Dumpling","Porridge","Chicken","Barbe-Fry Chicken","Rice and Peas;Mashed potatoes;Macaroni salad","Indian (eg. curry)","Pine & ginger Juice;Juneplum Juice;Orange Juice","Cran Wata","Fruits (no milk)"
"2025/03/25 7:28:18 PM EST","Female","Kingston 3","Young Adult (20 - 29)","Cooked-up Saltfish","Fritters","Scrambled Eggs","Chicken","Barbe-Fry Chicken","Rice and Peas","Jamaican ( eg. brown stew, run down, escoveitch)","Water","Water","Fruits (no milk)"
"2025/03/25 7:31:34 PM EST","Male","Kingston 10","Young Adult (20 - 29)","Ackee & Saltfish","Fry Dumpling;Boiled Dumpling;Breadfruit","Pancakes;Sandwich","Chicken;Pork;Goat","Stew Pork","Rice and Peas","Jamaican ( eg. brown stew, run down, escoveitch)","Orange Juice","Soft drink","Banana, oats, nutmegs, almond milk"
"2025/03/25 7:33:56 PM EST","Female","Kingston 2","Young Adult (20 - 29)","Ackee & Saltfish","Ground Provision/ Soul Food;Fry Dumpling;Boiled Dumpling;Breadfruit;Festival","Porridge;Scrambled Eggs;Sandwich;Fruits","Chicken","Fry Chicken","Rice and Peas;White Rice;Fries","Jamaican ( eg. brown stew, run down, escoveitch)","Guava pineapple Juice;Orange Juice;Its not allowing me to select pine and ginger so I'm writing it here","Tropicana","Fruits (no milk)"
"2025/03/25 7:34:06 PM EST","Female","Kingston 3","Young Adult (20 - 29)","Egg","Bread","Sandwich","Chicken","Barbe-Fry Chicken","Rice and Peas;Macaroni salad","Jamaican ( eg. brown stew, run down, escoveitch)","Juneplum Juice","Fresshh Orange Juice","Fruits (with milk)"
"2025/03/25 7:35:16 PM EST","Female","Kingston 6","Young Adult (20 - 29)","Egg, Plantain and Sausage ","Fry Dumpling;Breadfruit;Fritters;Festival","Porridge;Pancakes;Bacon;Scrambled Eggs;Sandwich;Sausage;Fruits","Chicken;Pork;Beef","Barbe-Fry Chicken","Rice and Peas;White Rice;Fries;Macaroni salad;Festival","Chinese (eg. stir fries)","Lemon and Lime Juice","Water","Fruits (no milk)"
"2025/03/25 7:39:59 PM EST","Female","Kingston 10","Young Adult (20 - 29)","Ackee & Saltfish","Fry Dumpling;Breadfruit;Fritters","Porridge","Fish","Barbe-Fry Chicken","Rice and Peas;Macaroni salad","Jamaican ( eg. brown stew, run down, escoveitch)","Pine & ginger Juice;Juneplum Juice;Guava pineapple Juice","Cran Wata","Fruits (no milk)"
"2025/03/25 8:16:30 PM EST","Female","","Young Adult (20 - 29)","Stew chicken","Ground Provision/ Soul Food;Fry Dumpling;Boiled Dumpling;Breadfruit;Fritters;Festival","Porridge;Sandwich;Fruits","Chicken;Goat","Fry Chicken","Rice and Peas","Jamaican ( eg. brown stew, run down, escoveitch)","Juneplum Juice;Guava pineapple Juice","Schweppes","Fruits (no milk)"
"2025/03/25 8:20:50 PM EST","Female","Kingston 5","Young Adult (20 - 29)","Beans and sausage","Fritters","Porridge","Chicken","Fry Chicken","Fries","Jamaican ( eg. brown stew, run down, escoveitch)","Pine & ginger Juice","Cran Wata","Fruits (no milk)"
"2025/03/25 8:24:21 PM EST","Female","Kingston 12","Young Adult (20 - 29)","Ackee & Saltfish","Fry Dumpling;Fritters;Hashbrown","French Toast;Waffles;Bacon;Scrambled Eggs;Sandwich;Fruits","Chicken","Bake Chicken","Rice and Peas;Fries","Jamaican ( eg. brown stew, run down, escoveitch)","Pine & ginger Juice;Juneplum Juice;Orange Juice","Soft drink","Fruits (no milk)"
"2025/03/25 8:24:48 PM EST","Female","Kingston 3","Young Adult (20 - 29)","Beans and sausage","Hashbrown","Fruits","Chicken","Pizza","Fries","Jamaican ( eg. brown stew, run down, escoveitch)","Pine & ginger Juice;Juneplum Juice","Soft drink","Fruits (no milk)"
"2025/03/25 8:26:49 PM EST","Female","Greater Portmore ","Teenager (12 - 19)","Egg","Fry Dumpling;Bammy;Breadfruit;Fritters;Hashbrown;Festival","Bacon;Scrambled Eggs;Sandwich;Sausage","Chicken","Patty","Fries","Jamaican ( eg. brown stew, run down, escoveitch)","Orange Juice","Cran Wata","Fruits (no milk)"
"2025/03/25 8:28:34 PM EST","Female","Kingston 7","Young Adult (20 - 29)","Ackee & Saltfish","Fry Dumpling;Boiled Dumpling;Bammy;Breadfruit;Fritters","Scrambled Eggs;Sandwich;Sausage;Fruits","Chicken","Patty","Coco Bread","Jamaican ( eg. brown stew, run down, escoveitch)","Juneplum Juice;Guava pineapple Juice;Orange Juice","Soft drink","Banana, oats, nutmegs, almond milk"
"2025/03/25 8:42:15 PM EST","Female","Kingston 6","Young Adult (20 - 29)","Ackee & Saltfish","Ground Provision/ Soul Food;Fry Dumpling;Boiled Dumpling;Breadfruit;Fritters","Porridge;Pancakes;Sandwich","Chicken","Bake Chicken","Rice and Peas;Mashed potatoes","Indian (eg. curry)","Juneplum Juice","Sparkling Cran Wata","Fruits (no milk)"
"2025/03/25 8:52:33 PM EST","Male","Greater Portmore","Young Adult (20 - 29)","Egg","Breadfruit","Scrambled Eggs;Sausage","Chicken;Pork","Jerk Chicken","Rice and Peas;Fries","Chinese (eg. stir fries)","Pine & ginger Juice;Guava pineapple Juice;Orange Juice","water","Banana, oats, nutmegs, almond milk"
"2025/03/25 9:31:03 PM EST","Female","","Young Adult (20 - 29)","Beans and sausage","Fry Dumpling;Bammy;Breadfruit","French Toast;Waffles;Scrambled Eggs;Sausage","Chicken;Pork;Goat;Beef","Fry Chicken","Rice and Peas;Raw vegetables salad;Macaroni salad","Jamaican ( eg. brown stew, run down, escoveitch)","Pine & ginger Juice;Guava pineapple Juice","Tropicana","Fruits (no milk)"
"2025/03/25 9:39:25 PM EST","Female","Kingston 19","Young Adult (20 - 29)","Callaloo","Ground Provision/ Soul Food;Fry Dumpling;Boiled Dumpling;Breadfruit","Pancakes","Chicken;Fish","Fry Chicken","Rice and Peas","Jamaican ( eg. brown stew, run down, escoveitch)","Pine & ginger Juice","Water ","Fruits (no milk)"
"2025/03/25 10:28:27 PM EST","Female","Kingston ","Teenager (12 - 19)","Ackee & Saltfish","Fry Dumpling;Fritters","Pancakes;Bacon","Chicken","Sandwich/Burger","Rice and Peas;White Rice;Alfredo pasta;Fries","Indian (eg. curry)","Orange Juice","Soft drink","Fruits (with milk)"
"2025/03/25 10:34:51 PM EST","Female","","Young Adult (20 - 29)","Ackee & Saltfish","Fry Dumpling;Bammy;Fritters","Pancakes;Sandwich","Chicken","Sandwich/Burger","Coco Bread;White Rice;Raw vegetables salad;Macaroni salad","Jamaican ( eg. brown stew, run down, escoveitch)","Pine & ginger Juice;Guava pineapple Juice;Orange Juice","Soft drink","Fruits (with milk)"
"2025/03/25 11:10:51 PM EST","Male","Kingston 6","Young Adult (20 - 29)","Ackee & Saltfish","Fry Dumpling","Sandwich;Fruits","Chicken","Fry Chicken","Rice and Peas","Chinese (eg. stir fries)","Orange Juice","Soft drink","Fruits (no milk)"
"2025/03/25 11:31:16 PM EST","Female","Kingston 6","Teenager (12 - 19)","Egg","Ground Provision/ Soul Food;Fry Dumpling;toast","Porridge;Sandwich","Chicken;Fish;Pork;Goat;Beef","Fry Chicken","Rice and Peas;Fries;Raw vegetables salad","Vegan/Ital/Rastafarian (eg. Tofu, Veggie chunks, lentils)","Pine & ginger Juice;Juneplum Juice","Soft drink","Banana, oats, nutmegs, almond milk"
"2025/03/25 11:43:48 PM EST","Female","","Young Adult (20 - 29)","I skip breakfast. I may have a fruit or juice","When did Hashbrown become ""Jamaican""","Porridge;Fruits","Fish;Goat;Beef","Fry Chicken","Rice and Peas","Jamaican ( eg. brown stew, run down, escoveitch)","Soda","Energy drink","Fruits (no milk)"
"2025/03/25 11:47:56 PM EST","Female","","Young Adult (20 - 29)","Ackee & Saltfish","Ground Provision/ Soul Food;Fry Dumpling","Pancakes;French Toast;Waffles;Bacon;Scrambled Eggs;Sandwich;Sausage","Chicken;Pork;Goat;Beef","Barbe-Fry Chicken","Rice and Peas;Alfredo pasta;Mashed potatoes","Jamaican ( eg. brown stew, run down, escoveitch)","Pine & ginger Juice;Juneplum Juice;Guava pineapple Juice;Orange Juice","Box drink","Fruits (with milk)"
"2025/03/26 5:34:58 AM EST","Female","JMACE25","Young Adult (20 - 29)","Pizza or Burger","Ground Provision/ Soul Food;Fry Dumpling;Boiled Dumpling;Breadfruit","Porridge","Chicken;Pork;Goat;Beef","Curry Goat","Rice and Peas;Mashed potatoes;Raw vegetables salad","Chinese (eg. stir fries)","Pine & ginger Juice;Guava pineapple Juice;Orange Juice","Box drink","Fruits (with milk)"
"2025/03/26 6:07:13 AM EST","Female","Kingston 7","Young Adult (20 - 29)","Egg","sausage","French Toast;Waffles;Bacon;Scrambled Eggs;Sausage;Fruits","Chicken;Goat;Beef","Jerk Chicken","Rice and Peas","Indian (eg. curry)","Orange Juice","Cran Wata","Fruits (no milk)"
"2025/03/26 12:41:26 PM EST","Female","Kingston 11","Young Adult (20 - 29)","Sandwich consisting other items","Fry Dumpling;Bammy;Breadfruit;Fritters;Hashbrown;Festival","Porridge;Sandwich;Fruits","Chicken;Pork;Goat;Beef","Fry Chicken","Alfredo pasta;Mashed potatoes;Raw vegetables salad;Macaroni salad","Jamaican ( eg. brown stew, run down, escoveitch)","Pine & ginger Juice;Juneplum Juice;Orange Juice","Box drink","Fruits (no milk)"
"2025/03/26 7:50:26 PM EST","Female","Kingston 3 ","Generation x ( 45+)","Ackee & Saltfish","Ground Provision/ Soul Food;Fry Dumpling;Breadfruit","Porridge;Fruits","Chicken;Beef","Escovitch Fish","Rice and Peas;Fries","Jamaican ( eg. brown stew, run down, escoveitch)","Pine & ginger Juice;Juneplum Juice;Guava pineapple Juice","Energy drink","Banana, oats, nutmegs, almond milk"
"2025/03/26 10:07:01 PM EST","Female","Kingston 3","Young Adult (20 - 29)","Egg","Fry Dumpling;Breadfruit;Fritters","Porridge;Bacon;Scrambled Eggs;Sausage;Fruits","Chicken;Pork;Goat","Fry Chicken","Rice and Peas","Chinese (eg. stir fries)","Orange Juice","Box drink","Fruits (no milk)"
"2025/03/26 10:17:17 PM EST","Male","St Catherine ","Millenials (30 - 44)","Egg","Fritters","Sandwich","Chicken","Fry Chicken","Rice and Peas","Chinese (eg. stir fries)","Juneplum Juice","Cran Wata","Fruits (no milk)"
"2025/03/27 9:19:36 AM EST","Female","Kingston 7","Young Adult (20 - 29)","Cooked-up Saltfish","Boiled Dumpling;Festival","Fruits","Chicken","Bake Chicken","Rice and Peas","Jamaican ( eg. brown stew, run down, escoveitch)","Guava pineapple Juice;Orange Juice","Soft drink","Fruits (no milk)"
"2025/03/27 9:29:12 AM EST","Male","Kingston 19","Young Adult (20 - 29)","Stew chicken ","Ground Provision/ Soul Food;Fry Dumpling;Boiled Dumpling;Fritters;Festival","Bacon;Scrambled Eggs;Sandwich","Chicken;Pork;Goat;Beef","Fry Chicken","Rice and Peas;Fries","Jamaican ( eg. brown stew, run down, escoveitch)","Guava pineapple Juice","Cran Wata","Fruits (with milk)"
"2025/03/27 9:57:42 AM EST","Female","Portmore ","Young Adult (20 - 29)","Beans and sausage","Fry Dumpling;Breadfruit","Porridge;Sausage;Fruits","Chicken;Pork;Goat;Beef","Jerk Pork","Rice and Peas;Alfredo pasta;Raw vegetables salad;Festival","Jamaican ( eg. brown stew, run down, escoveitch)","Juneplum Juice;Guava pineapple Juice;Orange Juice","Tropical Rythm","Fruits (no milk)"
"2025/03/27 11:06:39 AM EST","Female","","Young Adult (20 - 29)","Cooked-up Saltfish","Ground Provision/ Soul Food;Bammy;Festival","Pancakes;French Toast;Waffles;Bacon;Scrambled Eggs","Chicken;Fish;Goat;Beef","Fry Chicken","Rice and Peas;Alfredo pasta;Raw vegetables salad;Macaroni salad","Jamaican ( eg. brown stew, run down, escoveitch)","Guava pineapple Juice","Cran Wata","Fruits (no milk)"
"2025/03/27 12:11:14 PM EST","Female","St. Catherine ","Generation x ( 45+)","Ackee & Saltfish","Ground Provision/ Soul Food;Fry Dumpling;Boiled Dumpling;Bammy;Breadfruit;Fritters;Festival","Porridge;Scrambled Eggs;Sandwich;Fruits","Chicken;Fish;Pork;Goat","Bake Chicken","Rice and Peas;Mashed potatoes;Raw vegetables salad;Macaroni salad","Jamaican ( eg. brown stew, run down, escoveitch)","Pine & ginger Juice;Juneplum Juice;Guava pineapple Juice;Beetroot Juice","Cran Wata","Banana, oats, nutmegs, almond milk"
"2025/03/27 12:21:02 PM EST","Female","Kingston 20","Young Adult (20 - 29)","Callaloo","Ground Provision/ Soul Food;Fry Dumpling;Boiled Dumpling","Bacon;Scrambled Eggs;Sausage;Fruits","Chicken;Beef","Curry Goat","White Rice;Alfredo pasta","Jamaican ( eg. brown stew, run down, escoveitch)","Guava pineapple Juice","Tropical Rythm","Fruits (no milk)"
"2025/03/27 12:48:02 PM EST","Female","Kingston 5","Generation x ( 45+)","stew chicken ","Ground Provision/ Soul Food","Fruits","Chicken","Brown Stew Fish","Raw vegetables salad","Jamaican ( eg. brown stew, run down, escoveitch)","Guava pineapple Juice;water","water","Spinach, Skim Milk, Chia Seeds"
"2025/03/27 12:52:34 PM EST","Female","Kingston ","Millenials (30 - 44)","Ackee & Saltfish","Ground Provision/ Soul Food;Fry Dumpling;Breadfruit","Porridge;Scrambled Eggs;Sausage","Chicken","Fry Chicken","Rice and Peas;Raw vegetables salad","Jamaican ( eg. brown stew, run down, escoveitch)","Juneplum Juice","Squeeze","Dont drink smoothie "
"2025/03/27 1:32:20 PM EST","Female","Clarendon","Millenials (30 - 44)","Ackee & Saltfish","Ground Provision/ Soul Food","Porridge;French Toast","Beef","Stew Pork","Rice and Peas;Raw vegetables salad","Jamaican ( eg. brown stew, run down, escoveitch)","Pine & ginger Juice;Juneplum Juice;Beetroot Juice","Box drink","Fruits (no milk)"
"2025/03/27 1:35:54 PM EST","Male","Kingston 2","Young Adult (20 - 29)","Egg","Fritters","French Toast;Bacon;Scrambled Eggs;Sausage","Chicken;Pork","Barbe-Fry Chicken","Rice and Peas;Raw vegetables salad","Jamaican ( eg. brown stew, run down, escoveitch)","Guava pineapple Juice","Squeeze","Banana, oats, nutmegs, almond milk"
"2025/03/27 2:05:06 PM EST","Female","St Elizabeth ","Generation x ( 45+)","Ackee & Saltfish","Ground Provision/ Soul Food","Porridge","Chicken","Fry Chicken","Rice and Peas","Jamaican ( eg. brown stew, run down, escoveitch)","Pine & ginger Juice","Cran Wata","Fruits (no milk)"
"2025/03/27 3:07:39 PM EST","Female","","Young Adult (20 - 29)","Ackee & Saltfish","Fry Dumpling;Breadfruit","Bacon;Fruits","Chicken;Fish;Pork;Goat;Beef","Fry Chicken","Rice and Peas","Indian (eg. curry)","Pine & ginger Juice","Soft drink","Fruits (no milk)"
"2025/03/27 3:08:22 PM EST","Male","Kingston 19","Young Adult (20 - 29)","Egg","Hashbrown","Pancakes;Scrambled Eggs;Sausage","Chicken;Fish;Pork;Goat;Beef","Sandwich/Burger","Rice and Peas;Alfredo pasta;Fries","Chinese (eg. stir fries)","Pine & ginger Juice;Orange Juice","Squeeze","Fruits (with milk)"
"2025/03/27 3:11:37 PM EST","Female","St.Andrew","Young Adult (20 - 29)","Callaloo","Ground Provision/ Soul Food;Fry Dumpling;Breadfruit","Pancakes;Waffles;Fruits","Chicken;Fish;Don't eat meat","Patty","Coco Bread;Fries","Chinese (eg. stir fries)","Pine & ginger Juice;Guava pineapple Juice;Orange Juice","Cran Wata","Fruits (no milk)"
"2025/03/27 3:15:19 PM EST","Female","Kgn 2","Young Adult (20 - 29)","Ackee & Saltfish","Fry Dumpling;Breadfruit;Fritters;Festival","Pancakes;Bacon;Scrambled Eggs;Sausage;Fruits","Chicken;Goat","Fry Chicken","Fries","Jamaican ( eg. brown stew, run down, escoveitch)","Pine & ginger Juice;Juneplum Juice;Orange Juice","Tropicana","Fruits (no milk)"
"2025/03/27 3:19:56 PM EST","Female","Kingston 6","Young Adult (20 - 29)","Liver","Fry Dumpling;Breadfruit;Fritters;Hashbrown;Festival","Porridge;Sandwich;Fruits","Chicken;Goat","Fry Chicken","White Rice","Indian (eg. curry)","Pine & ginger Juice;Callaloo Juice;Juneplum Juice;Guava pineapple Juice;Beetroot Juice;Orange Juice","Energy drink","Banana, oats, nutmegs, almond milk"
"2025/03/27 4:04:18 PM EST","Male","Kingston 6","Millenials (30 - 44)","Ackee & Saltfish","Ground Provision/ Soul Food;Boiled Dumpling;Breadfruit;Fritters","Porridge;Scrambled Eggs;Sandwich","Fish","Fry Chicken;Bake Chicken;Barbe-Fry Chicken;Escovitch Fish;Brown Stew Fish","Rice and Peas;Raw vegetables salad","Vegan/Ital/Rastafarian (eg. Tofu, Veggie chunks, lentils)","Pine & ginger Juice;Juneplum Juice;Guava pineapple Juice;Beetroot Juice","Tropicana","Banana, oats, nutmegs, almond milk"
"2025/03/27 4:06:42 PM EST","Female","","Young Adult (20 - 29)","Ackee & Saltfish","Fritters;Festival","Pancakes;French Toast;Waffles;Scrambled Eggs;Sausage;Fruits","Chicken","Fry Chicken;Barbe-Fry Chicken;Patty","Rice and Peas;Coco Bread;Macaroni salad;Festival","Indian (eg. curry)","Guava pineapple Juice;Orange Juice","Cran Wata","Fruits (no milk)"
"2025/03/27 5:19:05 PM EST","Female","","Young Adult (20 - 29)","Ackee & Saltfish","Boiled Dumpling","Scrambled Eggs","Chicken","Fry Chicken;Patty","Coco Bread;Macaroni salad","Jamaican ( eg. brown stew, run down, escoveitch)","Orange Juice","Soft drink","Fruits (no milk)"
"2025/03/27 5:30:41 PM EST","Male"," Saint Catherine","Generation x ( 45+)","Ackee & Saltfish","Fry Dumpling","Porridge","Fish","Escovitch Fish","Mashed potatoes","Jamaican ( eg. brown stew, run down, escoveitch)","Guava pineapple Juice","Box drink","Banana, oats, nutmegs, almond milk"
"2025/03/27 5:34:33 PM EST","Female","Brown's Town","Young Adult (20 - 29)","Beans and sausage","Ground Provision/ Soul Food;Fry Dumpling;Boiled Dumpling;Breadfruit;Fritters;Festival","Porridge;Pancakes;French Toast;Bacon;Scrambled Eggs;Sausage","Chicken;Fish;Goat","Fry Chicken;Barbe-Fry Chicken;Curry Goat;Escovitch Fish;Patty;Pizza;Sandwich/Burger","Rice and Peas;Coco Bread;White Rice;Alfredo pasta;Mashed potatoes;Fries;Raw vegetables salad;Macaroni salad;Festival","Jamaican ( eg. brown stew, run down, escoveitch)","Pine & ginger Juice;Guava pineapple Juice;Orange Juice","Tropicana","Fruits (no milk)"
"2025/03/27 5:53:48 PM EST","Female","Kingston 5","Millenials (30 - 44)","Kidney","Ground Provision/ Soul Food;Fry Dumpling","Porridge","Chicken;Fish;Goat","Fry Chicken;Jerk Chicken;Curry Goat","Rice and Peas;White Rice;Mashed potatoes;Fries","Indian (eg. curry)","Pine & ginger Juice","Water","Banana, oats, nutmegs, almond milk"
"2025/03/27 6:05:33 PM EST","Male","Kingston 6","Adult (30 - 44)","Callaloo","Ground Provision/ Soul Food;Fry Dumpling;Bammy;Breadfruit;Hashbrown;Festival","Porridge;Fruits","Don't eat meat","Soup;Sandwich/Burger","Fries;Raw vegetables salad","Vegan/Ital/Rastafarian (eg. Tofu, Veggie chunks, lentils)","Pine & ginger Juice;Guava pineapple Juice;Beetroot Juice","Sparkling Cran Wata","Banana, oats, nutmegs, almond milk"
"2025/03/27 7:15:22 PM EST","Female","Portmore ","Young Adult (20 - 29)","Egg","Breadfruit","Fruits","Beef","Jerk Chicken","Alfredo pasta","Indian (eg. curry)","Beetroot Juice","Cran Wata","Fruits (no milk)"
"2025/03/27 7:22:45 PM EST","Female","Kingston 7","Young Adult (20 - 29)","Ackee & Saltfish","Ground Provision/ Soul Food","Porridge","Chicken;Fish;Pork;Goat;Beef","Fry Chicken;Jerk Chicken;Stew Pork;Soup","Rice and Peas;Raw vegetables salad","Jamaican ( eg. brown stew, run down, escoveitch)","Pine & ginger Juice;Juneplum Juice","Cran Wata","Fruits (with milk)"
"2025/03/27 7:53:04 PM EST","Female","Kingston 11","Generation x ( 45+)","Cooked-up Saltfish","Ground Provision/ Soul Food;Fry Dumpling;Boiled Dumpling;Breadfruit","French Toast;Scrambled Eggs","Chicken","Fry Chicken","Rice and Peas;Raw vegetables salad","Jamaican ( eg. brown stew, run down, escoveitch)","Pine & ginger Juice","Cran Wata","Fruits (with milk)"
"2025/03/27 8:30:16 PM EST","Female","Kingston 08","Young Adult (20 - 29)","Egg","Fry Dumpling","Porridge;Sandwich","Chicken;Pork;Goat;Beef","Fry Chicken;Bake Chicken;Barbe-Fry Chicken;Patty;Sandwich/Burger","Rice and Peas;Coco Bread;Alfredo pasta;Mashed potatoes;Macaroni salad","Jamaican ( eg. brown stew, run down, escoveitch)","Pine & ginger Juice;Juneplum Juice;Orange Juice","Soft drink","Fruits (no milk)"
"2025/03/27 10:24:40 PM EST","Male","","Teenager (12 - 19)","Pancake","Fry Dumpling","Pancakes","Chicken","Fry Chicken","Rice and Peas","Jamaican ( eg. brown stew, run down, escoveitch)","Orange Juice","Squeeze","None"
"2025/03/27 11:29:31 PM EST","Male","St. Catherine ","Millennials (30 - 44)","Egg","Fry Dumpling;Breadfruit;Fritters;Festival","Scrambled Eggs;Sandwich","Chicken","Fry Chicken","Rice and Peas;Mashed potatoes;Fries","Jamaican ( eg. brown stew, run down, escoveitch)","Juneplum Juice;Beetroot Juice;Orange Juice","Cran Wata","Fruits (with milk)"
"2025/03/28 1:14:45 AM EST","Male","St. Catherine ","Young Adult (20 - 29)","Ackee & Saltfish","Ground Provision/ Soul Food","Sandwich","Chicken","Fry Chicken","Rice and Peas","Jamaican ( eg. brown stew, run down, escoveitch)","Guava pineapple Juice;Orange Juice","Cran Wata","Banana, oats, nutmegs, almond milk"
"2025/03/28 10:17:10 AM EST","Female","Kingston 14","Young Adult (20 - 29)","Liver","Ground Provision/ Soul Food;Plantain and bread ","Porridge;Scrambled Eggs;Sandwich","Chicken;Fish;Goat;Beef","Bake Chicken;Barbe-Fry Chicken;Jerk Chicken;Mutton;Curry Goat;Soup;Patty;Pizza;Sandwich/Burger","Rice and Peas;White Rice;Fries","Jamaican ( eg. brown stew, run down, escoveitch)","Pine & ginger Juice","Cran Wata","Fruits (with milk)"
"2025/03/28 12:02:01 PM EST","Female","Kingston 3","Generation x ( 45+)","Callaloo","Fry Dumpling","Sandwich","Chicken","Fry Chicken;Bake Chicken;Barbe-Fry Chicken;Jerk Chicken;Mutton;Curry Goat","Rice and Peas;Raw vegetables salad;Festival","Jamaican ( eg. brown stew, run down, escoveitch)","Pine & ginger Juice","Cran Wata","Spinach, Skim Milk, Chia Seeds"
"2025/03/30 5:13:42 PM EST","Male","Kingston 6","Generation x ( 45+)","Ackee & Saltfish","Ground Provision/ Soul Food","Scrambled Eggs","Beef","Curry Goat","Rice and Peas","Chinese (eg. stir fries)","Pine & ginger Juice","water","Fruits (no milk)"
"2025/03/30 7:32:11 PM EST","Female","Portmore ","Young Adult (20 - 29)","Waffles","Fry Dumpling;Breadfruit;Fritters","Waffles;Bacon;Fruits","Chicken","Fry Chicken;Soup;Patty","Rice and Peas;Fries;Raw vegetables salad;Macaroni salad","Jamaican ( eg. brown stew, run down, escoveitch)","Pine & ginger Juice;Guava pineapple Juice","Water","Fruits (no milk)"
"2025/03/30 7:46:48 PM EST","Male","","Young Adult (20 - 29)","Ackee & Saltfish","Boiled Dumpling","Porridge","Fish","Barbe-Fry Chicken","Rice and Peas","Jamaican ( eg. brown stew, run down, escoveitch)","Pine & ginger Juice;Juneplum Juice;Guava pineapple Juice","Soft drink","Fruits (with milk)"
"2025/03/30 8:42:01 PM EST","Female","St. Catherine ","Millennials (30 - 44)","Beans and sausage","Breadfruit","Fruits","Chicken","Bake Chicken","Rice and Peas","Jamaican ( eg. brown stew, run down, escoveitch)","Guava pineapple Juice","Tropical Rythm","Spinach, Skim Milk, Chia Seeds"
"2025/03/31 8:59:19 AM EST","Female","Kingston 3","Generation x ( 45+)","Callaloo","Ground Provision/ Soul Food;Breadfruit","Fruits","Chicken","Jerk Chicken;Brown Stew Fish;Soup;Patty","Rice and Peas;Mashed potatoes;Raw vegetables salad;Festival","Jamaican ( eg. brown stew, run down, escoveitch)","Guava pineapple Juice;Beetroot Juice","Energy drink","Banana, oats, nutmegs, almond milk"
"2025/03/31 9:03:10 AM EST","Female","Kingston 3 ","Generation x ( 45+)","Liver","Ground Provision/ Soul Food","Porridge","Fish","Curry Goat;Soup","White Rice;Raw vegetables salad","Jamaican ( eg. brown stew, run down, escoveitch)","Guava pineapple Juice","Energy drink","Banana, oats, nutmegs, almond milk"
"2025/03/31 3:16:36 PM EST","Female","","Young Adult (20 - 29)","Ackee & Saltfish","Ground Provision/ Soul Food;Fry Dumpling;Boiled Dumpling;Bammy;Breadfruit;Fritters;Hashbrown;Festival","Pancakes;French Toast;Waffles;Bacon;Scrambled Eggs;Sausage;Fruits","Chicken;Fish;Pork;Goat;Beef","Fry Chicken;Barbe-Fry Chicken;Curry Goat;Stew Pork;Soup;Patty;Sandwich/Burger","Rice and Peas;Alfredo pasta;Mashed potatoes;Fries;Raw vegetables salad;Macaroni salad;Festival","Jamaican ( eg. brown stew, run down, escoveitch)","Orange Juice","Sparkling Cran Wata","Fruits (no milk)"
"2025/04/02 9:24:48 PM EST","Female","","Young Adult (20 - 29)","Ackee & Saltfish","Festival","Pancakes;Sandwich","Chicken;Fish;Beef","Barbe-Fry Chicken","Rice and Peas;Macaroni salad","Jamaican ( eg. brown stew, run down, escoveitch)","Pine & ginger Juice;Guava pineapple Juice;Orange Juice","Cran Wata","Fruits (with milk)"
"2025/04/03 10:54:31 AM EST","Male","Portmore","Generation x ( 45+)","Callaloo","Ground Provision/ Soul Food","Fruits","Fish","Soup","Raw vegetables salad","Jamaican ( eg. brown stew, run down, escoveitch)","Sour Sop Juice","Water","Fruits (no milk)"
"2025/04/03 12:10:14 PM EST","Female","","Young Adult (20 - 29)","Ackee & Saltfish","Ground Provision/ Soul Food;Boiled Dumpling;Breadfruit;Fritters;Hashbrown","Porridge;Bacon;Fruits","Chicken;Pork;Beef;shrimp","Bake Chicken;Soup;Patty;Pizza;Sandwich/Burger","Rice and Peas;White Rice;Alfredo pasta;Mashed potatoes;Fries","Jamaican ( eg. brown stew, run down, escoveitch)","Pine & ginger Juice;Guava pineapple Juice;Orange Juice","Box drink","Fruits (no milk)"
"2025/04/03 4:01:09 PM EST","Female","St Elizabeth ","Generation x ( 45+)","Ackee & Saltfish","Ground Provision/ Soul Food","Porridge","Chicken","Bake Chicken","Rice and Peas;Raw vegetables salad","Jamaican ( eg. brown stew, run down, escoveitch)","Guava pineapple Juice","Water","Fruits (with milk)"
"2025/04/04 4:51:53 PM EST","Female","","Young Adult (20 - 29)","Ackee & Saltfish","Fry Dumpling;Boiled Dumpling;Breadfruit","Sausage;Fruits","Chicken;Pork;Beef","Fry Chicken;Bake Chicken;Barbe-Fry Chicken;Patty;Sandwich/Burger","Rice and Peas;Coco Bread;Fries","Jamaican ( eg. brown stew, run down, escoveitch)","Orange Juice","Tropicana","Fruits (no milk)"
"2025/04/04 4:54:18 PM EST","Male","Clarendon ","Teenager (12 - 19)","Ackee & Saltfish","Fry Dumpling;Breadfruit;Fritters;Festival","Scrambled Eggs;Sausage","Chicken;Fish;Pork","Fry Chicken;Bake Chicken;Barbe-Fry Chicken;Sandwich/Burger","Rice and Peas;Fries","Jamaican ( eg. brown stew, run down, escoveitch)","Orange Juice","Tropicana","Fruits (no milk)"
"2025/04/04 4:54:57 PM EST","Male","","Teenager (12 - 19)","Beans and sausage","Fry Dumpling;Fritters;Hashbrown","Pancakes;French Toast;Scrambled Eggs;Sausage;Fruits","Chicken;Fish;Beef","Fry Chicken;Bake Chicken;Barbe-Fry Chicken;Jerk Chicken;Mutton;Patty;Pizza;Sandwich/Burger","Rice and Peas;Coco Bread;White Rice;Alfredo pasta;Mashed potatoes;Fries;Raw vegetables salad;Macaroni salad","Chinese (eg. stir fries)","Guava pineapple Juice","Soft drink","Banana, oats, nutmegs, almond milk"
"2025/04/04 4:55:19 PM EST","Female","Kingston 7","Young Adult (20 - 29)","Beans and sausage","Ground Provision/ Soul Food;Fry Dumpling;Boiled Dumpling;Fritters","Porridge","Chicken;Pork;Goat;Beef","Fry Chicken;Barbe-Fry Chicken;Curry Goat;Patty","Rice and Peas;White Rice","Jamaican ( eg. brown stew, run down, escoveitch)","Pine & ginger Juice","Soft drink","Fruits (no milk)"
"2025/04/04 4:56:42 PM EST","Female","Kingston 2","Young Adult (20 - 29)","Liver","Ground Provision/ Soul Food;Boiled Dumpling;Bammy;Breadfruit;Fritters","Fruits","Chicken;Fish;Goat;Beef","Fry Chicken;Patty;Sandwich/Burger","Fries","Jamaican ( eg. brown stew, run down, escoveitch)","Pine & ginger Juice;Guava pineapple Juice","Soft drink","Banana, oats, nutmegs, almond milk"
"2025/04/04 4:58:02 PM EST","Female","","Young Adult (20 - 29)","Ackee & Saltfish","Ground Provision/ Soul Food;Fry Dumpling;Boiled Dumpling;Breadfruit;Fritters","Porridge;Sandwich;Fruits","Chicken;Fish;Pork;Goat","Fry Chicken;Bake Chicken;Barbe-Fry Chicken;Curry Goat;Soup","Rice and Peas;White Rice;Fries;Raw vegetables salad","Indian (eg. curry)","Pine & ginger Juice;Juneplum Juice;Guava pineapple Juice;Beetroot Juice;Orange Juice","Tropical Rythm","Fruits (no milk)"
"2025/04/04 5:00:42 PM EST","Female","","Young Adult (20 - 29)","Egg","Fry Dumpling","Scrambled Eggs;Sandwich","Chicken;Fish","Fry Chicken;Bake Chicken;Barbe-Fry Chicken;Patty","Rice and Peas;Coco Bread","Indian (eg. curry)","Orange Juice","Soft drink","Fruits (with milk)"
"2025/04/04 5:03:53 PM EST","Female","","Young Adult (20 - 29)","Ackee & Saltfish","Fry Dumpling","Pancakes;Scrambled Eggs;Sandwich","Chicken;Fish","Fry Chicken;Barbe-Fry Chicken;Patty;Sandwich/Burger","Rice and Peas;Coco Bread;Fries","Jamaican ( eg. brown stew, run down, escoveitch)","Pine & ginger Juice","Pepsi","Banana, oats, nutmegs, almond milk"
"2025/04/04 5:08:12 PM EST","Male","","Young Adult (20 - 29)","Ackee & Saltfish","Breadfruit","Cereal","Chicken","Fry Chicken;Patty;Sandwich/Burger","Coco Bread;Fries","Jamaican ( eg. brown stew, run down, escoveitch)","Pine & ginger Juice;Guava pineapple Juice","Soft drink","Fruits (no milk)"
"2025/04/04 5:08:13 PM EST","Female","Kingston 2","Teenager (12 - 19)","Ackee & Saltfish","Boiled Dumpling;Hashbrown","Porridge;Pancakes;French Toast;Waffles;Bacon;Scrambled Eggs;Sandwich;Sausage;Fruits","Chicken;Fish;Pork;Goat;Beef","Fry Chicken;Bake Chicken;Barbe-Fry Chicken;Jerk Chicken;Curry Goat;Jerk Pork;Escovitch Fish;Brown Stew Fish;Patty;Pizza;Sandwich/Burger","Coco Bread;White Rice;Alfredo pasta;Mashed potatoes;Fries;Raw vegetables salad;Macaroni salad;Festival","Jamaican ( eg. brown stew, run down, escoveitch)","Pine & ginger Juice;Guava pineapple Juice;Orange Juice","Soft drink","Banana, oats, nutmegs, almond milk"
"2025/04/04 5:52:00 PM EST","Male","","Young Adult (20 - 29)","Kidney","Ground Provision/ Soul Food;Fry Dumpling;Boiled Dumpling;Breadfruit;Fritters","Scrambled Eggs;Sandwich;Sausage","Chicken;Fish;Pork;Goat;Beef","Fry Chicken;Bake Chicken;Barbe-Fry Chicken;Patty","Rice and Peas;Coco Bread;Fries","Jamaican ( eg. brown stew, run down, escoveitch)","Pine & ginger Juice;Juneplum Juice;Guava pineapple Juice;Orange Juice","Tropicana","Fruits (no milk)"
"2025/04/04 6:04:51 PM EST","Female","","Young Adult (20 - 29)","Porridge ","Fry Dumpling","Porridge","Chicken","Fry Chicken;Patty","Rice and Peas","Indian (eg. curry)","Pine & ginger Juice","Soft drink","Fruits (no milk)"
"2025/04/04 9:22:03 PM EST","Female","Kingston 6","Young Adult (20 - 29)","Egg","Fry Dumpling;Breadfruit;Hashbrown","Sandwich","Chicken","Fry Chicken;Patty;Sandwich/Burger","Alfredo pasta;Mashed potatoes","Chinese (eg. stir fries)","Don’t drink any of these","Cran Wata","Don’t drink smoothies "
"2025/04/05 10:59:19 AM EST","Male","Kingston 3","Young Adult (20 - 29)","Ackee & Saltfish","Fry Dumpling;Breadfruit","Porridge;Scrambled Eggs","Chicken;Pork;Beef","Fry Chicken;Barbe-Fry Chicken;Stew Pork;Soup;Patty","Rice and Peas;Coco Bread;Mashed potatoes","Jamaican ( eg. brown stew, run down, escoveitch)","Guava pineapple Juice;Orange Juice","Cran Wata","Banana, oats, nutmegs, almond milk"
"2025/04/05 1:44:18 PM EST","Female","Kingston 11","Millennials (30 - 44)","Ackee & Saltfish","Ground Provision/ Soul Food;Boiled Dumpling;Bammy;Breadfruit;Fritters;Hashbrown","French Toast;Scrambled Eggs;Sandwich;Sausage;Fruits","Chicken;Fish;Goat;Beef","Fry Chicken;Bake Chicken;Jerk Chicken;Curry Goat;Escovitch Fish;Patty;Sandwich/Burger","Rice and Peas;Coco Bread;Mashed potatoes;Fries;Macaroni salad;Festival","Jamaican ( eg. brown stew, run down, escoveitch)","Beetroot Juice;Orange Juice","Water","Fruits (no milk)"
"2025/04/05 3:20:12 PM EST","Female","","Generation x ( 45+)","Liver","Fry Dumpling;Bammy","Porridge;Scrambled Eggs","Chicken","Bake Chicken;Soup","Rice and Peas;Mashed potatoes","Chinese (eg. stir fries)","Orange Juice","Tropicana","Fruits (no milk)"
"2025/04/06 1:05:11 AM EST","Male","Kingston 20","Young Adult (20 - 29)","Liver","Ground Provision/ Soul Food;Bammy;Breadfruit","Scrambled Eggs","Beef","Bake Chicken;Barbe-Fry Chicken;Jerk Chicken;Escovitch Fish","Mashed potatoes;Raw vegetables salad","Jamaican ( eg. brown stew, run down, escoveitch)","Guava pineapple Juice","Cran Wata","Banana, oats, nutmegs, almond milk"
"2025/04/07 8:39:28 PM EST","Male","Kingston 6","Young Adult (20 - 29)","Ackee & Saltfish","Ground Provision/ Soul Food;Fry Dumpling;Boiled Dumpling;Bammy;Breadfruit;Fritters;Festival","Porridge;Pancakes;French Toast;Waffles;Bacon;Scrambled Eggs;Sandwich;Sausage;Fruits;Plantains","Chicken;Pork;Beef","Fry Chicken;Bake Chicken;Barbe-Fry Chicken;Jerk Chicken;Mutton;Curry Goat;Jerk Pork;Stew Pork;Soup;Patty;Pizza;Sandwich/Burger","Rice and Peas;White Rice","Jamaican ( eg. brown stew, run down, escoveitch)","Guava pineapple Juice;Orange Juice","Tropical Rythm","Fruits (no milk)"
"2025/04/07 8:41:12 PM EST","Female","","Young Adult (20 - 29)","Egg","Fry Dumpling;Fritters","Porridge;Bacon;Scrambled Eggs","Goat","Patty","Coco Bread","Indian (eg. curry)","Orange Juice","Sparkling Cran Wata","Banana, oats, nutmegs, almond milk"
"2025/04/07 8:42:30 PM EST","Male","Kingston 6","Young Adult (20 - 29)","Ackee & Saltfish","Ground Provision/ Soul Food","Porridge","Fish","Barbe-Fry Chicken","Rice and Peas","Indian (eg. curry)","Juneplum Juice","Cran Wata","Banana, oats, nutmegs, almond milk"
"2025/04/07 8:46:19 PM EST","Female","","Young Adult (20 - 29)","Ackee & Saltfish","Ground Provision/ Soul Food;Fry Dumpling;Boiled Dumpling;Breadfruit;Fritters","Pancakes;Bacon;Scrambled Eggs;Sausage;Fruits","Chicken;Fish;Goat;Beef","Fry Chicken;Bake Chicken;Barbe-Fry Chicken;Jerk Chicken;Curry Goat;Escovitch Fish;Brown Stew Fish;Soup;Patty;Pizza;Sandwich/Burger","Rice and Peas;Coco Bread;White Rice;Fries;Festival","Indian (eg. curry)","Pine & ginger Juice;Juneplum Juice;Guava pineapple Juice;Orange Juice","Soft drink","Fruits (no milk)"
"2025/04/07 8:49:35 PM EST","Female","Kingston ","Young Adult (20 - 29)","Egg","Fry Dumpling;Fritters","Porridge;Scrambled Eggs;Sandwich","Chicken;Fish;Beef","Fry Chicken;Sandwich/Burger","Rice and Peas;Raw vegetables salad","Jamaican ( eg. brown stew, run down, escoveitch)","Orange Juice","Box drink","Fruits (with milk)"
"2025/04/07 8:52:56 PM EST","Male","Kingston 1","Young Adult (20 - 29)","Egg","Hashbrown","Fruits","Chicken;Goat","Barbe-Fry Chicken","Rice and Peas;Fries","Indian (eg. curry)","Orange Juice","Cran Wata","Fruits (no milk)"
"2025/04/07 8:55:01 PM EST","Male","Kingston t ","Young Adult (20 - 29)","Liver","Fry Dumpling;Boiled Dumpling","Pancakes;Bacon;Scrambled Eggs;Sausage","Chicken;Goat","Curry Goat;Soup;Patty;Sandwich/Burger","Rice and Peas;Fries","Indian (eg. curry)","Pine & ginger Juice;Orange Juice","Soft drink","Fruits (no milk)"
"2025/04/07 8:55:22 PM EST","Male","Kingston 8","Young Adult (20 - 29)","Ackee & Saltfish","Fry Dumpling;Fritters;Hashbrown","Porridge;Pancakes;French Toast;Waffles;Fruits","Chicken;Fish;Goat;Beef","Fry Chicken;Barbe-Fry Chicken;Patty;Pizza;Sandwich/Burger","Rice and Peas;White Rice;Fries;Raw vegetables salad;Macaroni salad","Jamaican ( eg. brown stew, run down, escoveitch)","Pine & ginger Juice;Guava pineapple Juice;Orange Juice","Water ","Banana, oats, nutmegs, almond milk"
"2025/04/07 8:56:24 PM EST","Female","Kingston 7","Young Adult (20 - 29)","Ackee & Saltfish","Ground Provision/ Soul Food;Fry Dumpling;Boiled Dumpling;Breadfruit","Waffles;Bacon;Scrambled Eggs;Fruits","Chicken;Beef","Barbe-Fry Chicken;Sandwich/Burger","White Rice;Mashed potatoes;Macaroni salad","Jamaican ( eg. brown stew, run down, escoveitch)","Pine & ginger Juice;Orange Juice","Tropical Rythm","Fruits (no milk)"
"2025/04/07 8:56:44 PM EST","Female","Kingston 20","Teenager (12 - 19)","Beans and sausage","Ground Provision/ Soul Food;Fry Dumpling;Boiled Dumpling","Porridge;Sandwich","Chicken;Pork","Bake Chicken;Jerk Chicken;Jerk Pork;Patty","Rice and Peas;Coco Bread;Fries","Chinese (eg. stir fries)","Orange Juice","Cran Wata","Fruits (no milk)"
"2025/04/07 8:56:46 PM EST","Male","Kingston 2","Millennials (30 - 44)","Beans and sausage","Ground Provision/ Soul Food;Fry Dumpling;Fritters;Festival","Porridge;Bacon;Scrambled Eggs;Sandwich;Sausage;Fruits","Fish","Fry Chicken;Bake Chicken;Barbe-Fry Chicken;Jerk Chicken;Mutton;Stew Pork;Escovitch Fish;Patty;Sandwich/Burger","Rice and Peas;Raw vegetables salad","Vegan/Ital/Rastafarian (eg. Tofu, Veggie chunks, lentils)","Pine & ginger Juice;Juneplum Juice;Guava pineapple Juice","Tropical Rythm","Fruits (no milk)"
"2025/04/07 8:58:13 PM EST","Female","Kingston 2","Young Adult (20 - 29)","Egg","Hashbrown","Pancakes","Beef","Barbe-Fry Chicken","Rice and Peas","Indian (eg. curry)","","Coke Cola","Fruits (with milk)"
"2025/04/07 8:59:01 PM EST","Male","Kingston 4","Millennials (30 - 44)","Cooked-up Saltfish","Fry Dumpling;Breadfruit","Porridge","Chicken;Fish;Pork","Bake Chicken;Barbe-Fry Chicken;Jerk Pork;Stew Pork","Rice and Peas;Macaroni salad","Jamaican ( eg. brown stew, run down, escoveitch)","Juneplum Juice;Orange Juice","Tropical Rythm","Banana, oats, nutmegs, almond milk"
"2025/04/07 9:01:36 PM EST","Male","Kingston 7","Millennials (30 - 44)","Egg","Fry Dumpling;Breadfruit","Scrambled Eggs;Sandwich","Chicken","Fry Chicken;Escovitch Fish;Sandwich/Burger","Rice and Peas;Raw vegetables salad","Jamaican ( eg. brown stew, run down, escoveitch)","Water","Water","Fruits (with milk)"
"2025/04/07 9:03:52 PM EST","Female","","Young Adult (20 - 29)","Ackee & Saltfish","Ground Provision/ Soul Food;Fry Dumpling;Boiled Dumpling;Bammy;Breadfruit;Fritters;Festival","Sandwich;Fruits","Chicken;Fish;Goat;Beef","Fry Chicken;Bake Chicken;Barbe-Fry Chicken;Patty;Sandwich/Burger","Rice and Peas;Fries","Jamaican ( eg. brown stew, run down, escoveitch)","Pine & ginger Juice;Orange Juice","Tropical Rythm","Banana, oats, nutmegs, almond milk"
"2025/04/07 9:04:10 PM EST","Male","Mona UWI","Millennials (30 - 44)","Jerk pork","Ground Provision/ Soul Food;Fry Dumpling;Breadfruit;Fritters;Hashbrown;Festival","French Toast;Sandwich;Sausage","Chicken;Fish;Beef","Fry Chicken;Bake Chicken;Mutton;Curry Goat;Escovitch Fish;Brown Stew Fish;Patty;Pizza;Sandwich/Burger","Rice and Peas;White Rice;Alfredo pasta;Mashed potatoes;Fries;Raw vegetables salad;Macaroni salad;Festival","Chinese (eg. stir fries)","Orange Juice","Natural juice","Fruits (no milk)"
"2025/04/07 9:10:11 PM EST","Female","","Young Adult (20 - 29)","Beans and sausage","Ground Provision/ Soul Food;Fry Dumpling;Boiled Dumpling;Bammy;Breadfruit;Fritters;Hashbrown","Porridge;Pancakes;Waffles;Bacon;Scrambled Eggs;Sandwich;Sausage;Fruits","Chicken;Fish;Goat;Beef","Bake Chicken;Barbe-Fry Chicken;Curry Goat;Jerk Pork;Stew Pork;Soup;Patty;Pizza;Sandwich/Burger","Rice and Peas;Alfredo pasta;Raw vegetables salad;Macaroni salad","Indian (eg. curry)","Pine & ginger Juice;Guava pineapple Juice","Natural Juice","Fruits (no milk)"
"2025/04/07 9:13:18 PM EST","Female","Kingston 6","Young Adult (20 - 29)","Cooked-up Saltfish","Ground Provision/ Soul Food;Fry Dumpling;Boiled Dumpling","Sandwich","Chicken","Fry Chicken;Bake Chicken;Curry Goat","Rice and Peas;Raw vegetables salad","Jamaican ( eg. brown stew, run down, escoveitch)","Pine & ginger Juice","Cran Wata","Fruits (with milk)"
"2025/04/07 9:15:58 PM EST","Female","Savanna-La-Mar","Young Adult (20 - 29)","Egg","Festival","Pancakes","Chicken;Pork","Fry Chicken","Rice and Peas;White Rice;Fries","Jamaican ( eg. brown stew, run down, escoveitch)","Guava pineapple Juice","Soft drink","Fruits (no milk)"
"2025/04/07 9:17:31 PM EST","Female","Kingston 6","Young Adult (20 - 29)","Ackee & Saltfish","Ground Provision/ Soul Food;Breadfruit;Fritters;Hashbrown","Porridge;Sandwich;Fruits","Chicken;Fish","Fry Chicken;Bake Chicken;Jerk Chicken","Rice and Peas;Fries","Jamaican ( eg. brown stew, run down, escoveitch)","Pine & ginger Juice;Guava pineapple Juice;Orange Juice","Tropical Rythm","Fruits (no milk)"
"2025/04/07 9:19:05 PM EST","Female","","Young Adult (20 - 29)","Kidney","Fritters;Hashbrown","Porridge;Sandwich","Chicken","Bake Chicken;Curry Goat;Sandwich/Burger","Alfredo pasta;Mashed potatoes;Fries","Indian (eg. curry)","Orange Juice","Tropical Rythm","Fruits (no milk)"
"2025/04/07 9:20:40 PM EST","Female","Kingston 6","Young Adult (20 - 29)","Egg","Ground Provision/ Soul Food;Fry Dumpling;Festival","Porridge","Chicken;Pork;Beef","Fry Chicken;Jerk Chicken;Jerk Pork;Stew Pork;Patty;Pizza;Sandwich/Burger","Rice and Peas;Coco Bread;White Rice;Fries;Raw vegetables salad;Macaroni salad;Festival","Jamaican ( eg. brown stew, run down, escoveitch)","Pine & ginger Juice;Guava pineapple Juice;Orange Juice","Soft drink","Fruits (no milk)"
"2025/04/07 9:23:38 PM EST","Male","Kingston 6","Young Adult (20 - 29)","Ackee & Saltfish","Ground Provision/ Soul Food;Fry Dumpling;Boiled Dumpling;Bammy;Breadfruit;Fritters;Festival","Porridge;Pancakes;French Toast;Sandwich","Chicken;Fish;Beef","Fry Chicken;Bake Chicken;Barbe-Fry Chicken;Jerk Chicken;Escovitch Fish;Soup;Patty;Pizza;Sandwich/Burger","Rice and Peas;Coco Bread;White Rice;Alfredo pasta;Mashed potatoes;Raw vegetables salad;Macaroni salad;Festival","Chinese (eg. stir fries)","Pine & ginger Juice;Orange Juice","Tropicana","Fruits (no milk)"
"2025/04/07 9:32:47 PM EST","Female","","Young Adult (20 - 29)","Liver","Fry Dumpling;Breadfruit","Porridge;Pancakes;French Toast;Waffles;Scrambled Eggs","Chicken;Fish;Goat;Beef","Fry Chicken;Barbe-Fry Chicken;Jerk Chicken;Patty","Rice and Peas;Fries","Jamaican ( eg. brown stew, run down, escoveitch)","Guava pineapple Juice;Orange Juice","Soft drink","Fruits (no milk)"
"2025/04/07 9:33:16 PM EST","Female","Mandeville","Young Adult (20 - 29)","Cooked-up Saltfish","Ground Provision/ Soul Food;Fry Dumpling;Boiled Dumpling;Breadfruit;Fritters","Porridge;Scrambled Eggs;Sandwich;Sausage","Chicken;Goat;Beef","Fry Chicken;Bake Chicken;Barbe-Fry Chicken;Jerk Chicken;Curry Goat;Jerk Pork;Soup;Patty;Pizza;Sandwich/Burger","Rice and Peas;Coco Bread;Alfredo pasta;Mashed potatoes;Fries;Macaroni salad;Festival","Chinese (eg. stir fries)","Juneplum Juice","splash grape ","Fruits (no milk)"
"2025/04/07 9:35:45 PM EST","Male","","Young Adult (20 - 29)","Liver","Boiled Dumpling","Porridge;Pancakes;Bacon;Scrambled Eggs;Sausage","Chicken;Fish;Pork;Goat;Beef","Jerk Chicken;Curry Goat;Jerk Pork;Patty;Sandwich/Burger","Rice and Peas;Coco Bread","African (eg. Pepper-pot soups)","Orange Juice","Soft drink","Fruits (with milk)"
"2025/04/07 9:37:30 PM EST","Female","Kingston 7","Young Adult (20 - 29)","","","Porridge","Fish","Sandwich/Burger","Raw vegetables salad","Chinese (eg. stir fries)","Orange Juice","Tropical Rythm","Banana, oats, nutmegs, almond milk"
"2025/04/07 9:38:42 PM EST","Female","Kingston 7","Young Adult (20 - 29)","Ackee & Saltfish","Ground Provision/ Soul Food;Fry Dumpling;Breadfruit;Hashbrown;Festival","Porridge;Pancakes;Sandwich","Chicken;Goat;Beef","Fry Chicken;Barbe-Fry Chicken;Sandwich/Burger","Mashed potatoes;Fries;Raw vegetables salad","Chinese (eg. stir fries)","Guava pineapple Juice","100 fruit juice or fruit smoothie","Fruits (with milk)"
"2025/04/07 9:44:05 PM EST","Female","Kingston 7","Young Adult (20 - 29)","Egg","Oatmeal with fruits","Bacon;Scrambled Eggs","Chicken","Bake Chicken","Mashed potatoes;Raw vegetables salad","Mediterranean ","Water","Water","Fruits (no milk)"
"2025/04/07 9:46:46 PM EST","Male","Kingston 10","Young Adult (20 - 29)","Rundown","Ground Provision/ Soul Food;Fry Dumpling","Porridge;Fruits","Chicken;Fish;Pork;Goat","Fry Chicken;Barbe-Fry Chicken;Jerk Chicken;Curry Goat;Jerk Pork;Stew Pork;Escovitch Fish;Soup;Patty","Rice and Peas;Coco Bread;Raw vegetables salad;Festival","Jamaican ( eg. brown stew, run down, escoveitch)","Pine & ginger Juice;Juneplum Juice;Guava pineapple Juice;Beetroot Juice","Cran Wata","Fruits (no milk)"
"2025/04/07 9:48:00 PM EST","Female","Kingston ","Millennials (30 - 44)","Nuggets","Fry Dumpling;Breadfruit;Fritters;Hashbrown","Porridge;Scrambled Eggs","Fish","Jerk Chicken","Rice and Peas","Jamaican ( eg. brown stew, run down, escoveitch)","Pine & ginger Juice","Tropicana","Fruits (no milk)"
"2025/04/07 9:49:45 PM EST","Male","kingston 7","Young Adult (20 - 29)","none","Ground Provision/ Soul Food;Fry Dumpling;Boiled Dumpling;Bammy;Breadfruit;Fritters;Festival","Porridge;Sandwich","Chicken;Goat;Beef","Barbe-Fry Chicken;Jerk Chicken;Patty;Sandwich/Burger","Rice and Peas;Coco Bread;Alfredo pasta;Mashed potatoes;Fries;Raw vegetables salad;Macaroni salad","Jamaican ( eg. brown stew, run down, escoveitch)","Pine & ginger Juice;Juneplum Juice;Guava pineapple Juice;Orange Juice","water","Banana, oats, nutmegs, almond milk"
"2025/04/07 9:51:50 PM EST","Male","","Young Adult (20 - 29)","Beans and sausage","Boiled Dumpling","Waffles","Chicken","Jerk Pork","Rice and Peas","Chinese (eg. stir fries)","Guava pineapple Juice","Sparkling Cran Wata","Banana, oats, nutmegs, almond milk"
"2025/04/07 9:57:49 PM EST","Female","Kingston 6","Young Adult (20 - 29)","Egg","Fry Dumpling;Breadfruit;Festival","Porridge;Sandwich;Fruits","Don't eat meat","Soup;Patty;Pizza;Sandwich/Burger","Alfredo pasta;Fries;Macaroni salad","Vegan/Ital/Rastafarian (eg. Tofu, Veggie chunks, lentils)","Guava pineapple Juice","Cran Wata","Fruits (with milk)"
"2025/04/07 10:15:04 PM EST","Male","Kingston","Young Adult (20 - 29)","Nothing really","Ground Provision/ Soul Food;Fry Dumpling;Breadfruit","Porridge;Bacon;Scrambled Eggs;Sausage;Fruits","Chicken;Fish;Pork;Goat;Beef","Fry Chicken;Patty","Rice and Peas;Raw vegetables salad;Macaroni salad","Chinese (eg. stir fries)","Water","Watee","Fruits (with milk)"
"2025/04/07 11:40:38 PM EST","Female","Kingston 5","Young Adult (20 - 29)","Ackee & Saltfish","Ground Provision/ Soul Food;Fry Dumpling;Boiled Dumpling;Fritters","Porridge;Sandwich;Fruits","Chicken;Goat;Beef","Fry Chicken;Barbe-Fry Chicken;Curry Goat;Patty;Pizza;Sandwich/Burger","Rice and Peas;Coco Bread;Alfredo pasta;Fries;Raw vegetables salad;Macaroni salad","Jamaican ( eg. brown stew, run down, escoveitch)","Orange Juice","Tropicana","Fruits (no milk)"
"2025/04/08 3:13:07 AM EST","Female","Kingston 7","Young Adult (20 - 29)","Beans and sausage","Breadfruit;Hashbrown","Porridge;Sandwich","Chicken;Pork","Barbe-Fry Chicken;Stew Pork","Rice and Peas;Mashed potatoes","Jamaican ( eg. brown stew, run down, escoveitch)","Pine & ginger Juice","Tropicana","Fruits (no milk)"
"2025/04/08 8:23:07 AM EST","Female","Spanish Town ","Generation x ( 45+)","Ackee & Saltfish","Ground Provision/ Soul Food;Fry Dumpling;Breadfruit","Porridge;Pancakes;Scrambled Eggs;Fruits","Fish;Goat;Beef","Barbe-Fry Chicken;Curry Goat;Escovitch Fish;Soup","Rice and Peas;Mashed potatoes;Raw vegetables salad","Indian (eg. curry)","Pine & ginger Juice;Juneplum Juice;Guava pineapple Juice;Beetroot Juice","Sparkling Cran Wata","Fruits (no milk)"
"2025/04/08 8:29:38 AM EST","Female","Kingston 11","Young Adult (20 - 29)","Ackee & Saltfish","Fry Dumpling;Boiled Dumpling;Fritters","Pancakes;Bacon;Scrambled Eggs;Sandwich;Fruits","Chicken;Goat","Fry Chicken;Barbe-Fry Chicken;Soup;Patty;Pizza","Rice and Peas;Coco Bread;Fries;Festival","Jamaican ( eg. brown stew, run down, escoveitch)","Guava pineapple Juice","Tropical Rythm","Fruits (no milk)"
"2025/04/08 8:46:08 AM EST","Male","Kingston 5","Young Adult (20 - 29)","Kidney","Fry Dumpling","No light breakfast","Chicken;Fish;Pork;Goat;Beef","Fry Chicken;Stew Pork;Pizza","Rice and Peas;Fries;Raw vegetables salad","Jamaican ( eg. brown stew, run down, escoveitch)","Beetroot Juice;Orange Juice","Cran Wata","Fruits (no milk)"
"2025/04/08 11:26:08 AM EST","Male","","Young Adult (20 - 29)","Banana fritters. ","Fritters;Festival","Pancakes;French Toast;Waffles;Bacon;Scrambled Eggs;Sandwich;Fruits","Chicken;Pork;Goat","Fry Chicken;Barbe-Fry Chicken;Jerk Chicken;Jerk Pork;Soup;Patty;Pizza;Sandwich/Burger","Coco Bread;Alfredo pasta;Fries;Raw vegetables salad;Macaroni salad;Festival","Thai","Orange Juice","Cran Wata","Fruits (with milk)"
"2025/04/08 4:56:35 PM EST","Male","Kingston 7","Young Adult (20 - 29)","Ackee & Saltfish","Ground Provision/ Soul Food;Fry Dumpling;Boiled Dumpling;Bammy;Breadfruit;Fritters;Festival","Porridge;Sandwich;Fruits","Chicken;Fish;Pork;Goat;Beef","Fry Chicken;Bake Chicken;Curry Goat;Stew Pork;Soup;Patty","Rice and Peas;Coco Bread;Raw vegetables salad;Macaroni salad;Festival","Jamaican ( eg. brown stew, run down, escoveitch)","Pine & ginger Juice;Guava pineapple Juice;Beetroot Juice;Orange Juice","Water","Fruits (no milk)"
"2025/04/09 11:50:43 AM EST","Female","Kingston 7","Young Adult (20 - 29)","Callaloo","Ground Provision/ Soul Food;Fry Dumpling;Boiled Dumpling;Fritters","Porridge","Don't eat meat","Escovitch Fish;Brown Stew Fish;Soup;Patty","Coco Bread;White Rice;Raw vegetables salad;Festival","Chinese (eg. stir fries)","Pine & ginger Juice;Juneplum Juice","Box drink","Fruits (no milk)"
"2025/04/09 11:52:20 AM EST","Female","Kingston 7","Young Adult (20 - 29)","Ackee & Saltfish","Ground Provision/ Soul Food;Fry Dumpling;Boiled Dumpling;Bammy","Sandwich","Chicken","Barbe-Fry Chicken","Rice and Peas","Chinese (eg. stir fries)","Orange Juice","Tropicana","Banana, oats, nutmegs, almond milk"
"2025/04/09 11:52:35 AM EST","Male","Kingston 6","Young Adult (20 - 29)","Egg","Festival","Pancakes","Chicken;Beef","Patty;Pizza;Sandwich/Burger","Alfredo pasta;Fries;Festival","Indian (eg. curry)","Juneplum Juice","Sparkling Cran Wata","Fruits (no milk)"
"2025/04/09 11:58:36 AM EST","Female","","Teenager (12 - 19)","Kidney","Ground Provision/ Soul Food;Fry Dumpling;Boiled Dumpling;Breadfruit;Fritters;Hashbrown;Festival","Pancakes;French Toast;Scrambled Eggs;Sandwich;Sausage;Fruits","Chicken;Fish","Fry Chicken;Bake Chicken;Barbe-Fry Chicken;Brown Stew Fish","Rice and Peas;White Rice;Alfredo pasta;Mashed potatoes;Fries","Jamaican ( eg. brown stew, run down, escoveitch)","Pine & ginger Juice;Juneplum Juice;Orange Juice","Cran Wata","Fruits (no milk)"
"2025/04/09 12:07:51 PM EST","Female","","Young Adult (20 - 29)","Ackee & Saltfish","Fry Dumpling;Breadfruit;Fritters","Porridge;Pancakes;French Toast;Waffles;Bacon;Scrambled Eggs;Sandwich;Sausage;Fruits","Chicken;Fish;Pork;Beef","Fry Chicken;Bake Chicken;Barbe-Fry Chicken;Jerk Pork;Patty;Pizza;Sandwich/Burger","Rice and Peas;Coco Bread;White Rice;Fries","Chinese (eg. stir fries)","Pine & ginger Juice;Orange Juice","Box drink","Banana, oats, nutmegs, almond milk"
"2025/04/09 12:07:58 PM EST","Female","Kingston 7","Young Adult (20 - 29)","Egg","Fritters;Hashbrown","Scrambled Eggs","Chicken","Barbe-Fry Chicken","Rice and Peas","Jamaican ( eg. brown stew, run down, escoveitch)","Juneplum Juice","Soft drink","Fruits (no milk)"
"2025/04/09 12:16:23 PM EST","Male","Kingston 6","Young Adult (20 - 29)","Cooked-up Saltfish","Ground Provision/ Soul Food;Boiled Dumpling","Fruits","Chicken","Jerk Chicken;Soup;Patty","Rice and Peas;Coco Bread;Macaroni salad","Indian (eg. curry)","Guava pineapple Juice","Cran Wata","Fruits (no milk)"
"2025/04/09 12:24:48 PM EST","Male","Kingston 6","Young Adult (20 - 29)","Ackee & Saltfish","Ground Provision/ Soul Food;Fry Dumpling;Boiled Dumpling;Hashbrown","Porridge;Bacon;Scrambled Eggs;Sausage;Fruits","Chicken;Goat","Fry Chicken;Bake Chicken;Barbe-Fry Chicken;Patty;Sandwich/Burger","Rice and Peas;Coco Bread;White Rice;Fries;Raw vegetables salad;Macaroni salad","Jamaican ( eg. brown stew, run down, escoveitch)","Juneplum Juice;Guava pineapple Juice;Orange Juice","Soft drink","Fruits (no milk)"
"2025/04/09 12:27:27 PM EST","Female","7","Young Adult (20 - 29)","Cooked-up Saltfish","Breadfruit","Sandwich","Fish;Beef","Fry Chicken;Bake Chicken;Barbe-Fry Chicken;Jerk Chicken;Soup;Patty","Rice and Peas;Mashed potatoes;Raw vegetables salad;Macaroni salad;Festival","Chinese (eg. stir fries)","Pine & ginger Juice;Guava pineapple Juice","Water","Fruits (no milk)"
"2025/04/09 12:29:09 PM EST","Female","Kingston 7","Young Adult (20 - 29)","Callaloo","Ground Provision/ Soul Food;Fry Dumpling;Boiled Dumpling;Bammy;Breadfruit;Fritters;Festival;Rice","Porridge;Sandwich;Fruits","Chicken;Fish;Pork;Goat;Beef","Fry Chicken;Barbe-Fry Chicken;Patty","Rice and Peas;Coco Bread;Raw vegetables salad","Indian (eg. curry)","Pine & ginger Juice;Juneplum Juice;Guava pineapple Juice","Squeeze","Fruits (no milk)"
"2025/04/09 12:54:49 PM EST","Female","","Young Adult (20 - 29)","","Fritters","Sausage","Beef","Fry Chicken;Curry Goat;Patty;Sandwich/Burger","Rice and Peas;White Rice","Jamaican ( eg. brown stew, run down, escoveitch)","Orange Juice;","Box drink","Fruits (no milk)"
"2025/04/09 1:00:59 PM EST","Female","Kinston 6","Young Adult (20 - 29)","Ackee & Saltfish","Bammy;Breadfruit;Hashbrown;Festival","French Toast;Waffles;Bacon;Scrambled Eggs;Sausage;Fruits","Pork;Beef","Fry Chicken;Barbe-Fry Chicken;Soup;Sandwich/Burger","Rice and Peas;Alfredo pasta;Mashed potatoes;Fries;Festival","Jamaican ( eg. brown stew, run down, escoveitch)","Pine & ginger Juice;Guava pineapple Juice;Orange Juice","Water or ginger beer","Fruits (no milk)"
"2025/04/09 2:00:42 PM EST","Female","Kingston 7","Young Adult (20 - 29)","","Festival","Pancakes;Scrambled Eggs","Chicken","Sandwich/Burger","Fries","Chinese (eg. stir fries)","Pine & ginger Juice","Cran Wata","Fruits (with milk)"
"2025/04/09 4:11:18 PM EST","Female","Kingston ","Young Adult (20 - 29)","Ackee & Saltfish","Ground Provision/ Soul Food","Pancakes;Bacon;Scrambled Eggs","Chicken;Goat;Beef","Fry Chicken;Bake Chicken;Jerk Chicken;Patty;Sandwich/Burger","Rice and Peas;Coco Bread;Fries","Jamaican ( eg. brown stew, run down, escoveitch)","Juneplum Juice;Orange Juice","Box drink","Fruits (with milk)"
"2025/04/09 4:15:37 PM EST","Female","Kingston","Young Adult (20 - 29)","Cooked-up Saltfish","Fry Dumpling","Porridge","Chicken","Jerk Chicken","Rice and Peas","Jamaican ( eg. brown stew, run down, escoveitch)","Pine & ginger Juice","Tropical Rythm","Banana, oats, nutmegs, almond milk"
"2025/04/09 4:44:53 PM EST","Male","","Young Adult (20 - 29)","Ackee & Saltfish","Fry Dumpling","Pancakes","Goat","Jerk Chicken","Rice and Peas","Jamaican ( eg. brown stew, run down, escoveitch)","Juneplum Juice;Beetroot Juice","Tropicana","Fruits (no milk)"
"2025/04/09 6:32:04 PM EST","Female","","Young Adult (20 - 29)","Beans and sausage","Bammy;Breadfruit;Fritters;Hashbrown","Porridge;Waffles;Bacon","Chicken;Fish;Pork","Bake Chicken;Stew Pork;Soup;Pizza","White Rice;Alfredo pasta;Mashed potatoes;Festival","Chinese (eg. stir fries)","Guava pineapple Juice","Squeeze","Fruits (no milk)"
"2025/04/09 7:16:24 PM EST","Female","Kingston 7","Young Adult (20 - 29)","Beans and sausage","Ground Provision/ Soul Food;Breadfruit;Hashbrown;Festival","Pancakes;Scrambled Eggs","Chicken;Beef","Bake Chicken;Jerk Chicken;Soup;Sandwich/Burger","Rice and Peas;White Rice;Alfredo pasta;Mashed potatoes;Fries;Raw vegetables salad;Macaroni salad;Festival","Jamaican ( eg. brown stew, run down, escoveitch)","Juneplum Juice;Orange Juice","Water","Fruits (no milk)"
"2025/04/09 7:22:14 PM EST","Female","Kingston","Young Adult (20 - 29)","Salt mackerel ","Ground Provision/ Soul Food;Fry Dumpling;Boiled Dumpling;Breadfruit;Fritters","Scrambled Eggs;Fruits","Chicken","Fry Chicken;Bake Chicken;Soup;Patty;Sandwich/Burger","Rice and Peas;Mashed potatoes;Raw vegetables salad","Jamaican ( eg. brown stew, run down, escoveitch)","Orange Juice","Box drink","Fruits (no milk)"
"2025/04/10 7:59:18 PM EST","Male","Spanish Town ","Young Adult (20 - 29)","Beans and sausage","Ground Provision/ Soul Food;Fry Dumpling;Breadfruit","French Toast;Scrambled Eggs","Chicken;Pork;Beef","Fry Chicken;Bake Chicken;Patty","Rice and Peas","Jamaican ( eg. brown stew, run down, escoveitch)","Juneplum Juice;Orange Juice","Cran Wata","Fruits (no milk)"
"2025/04/12 10:54:15 PM EST","Female","Kingston 11","Young Adult (20 - 29)","Egg","Fritters","Scrambled Eggs;Sandwich","Chicken;Goat","Fry Chicken;Barbe-Fry Chicken;Jerk Chicken;Mutton;Curry Goat;Patty","Coco Bread;White Rice;Fries","Chinese (eg. stir fries)","Pine & ginger Juice;Juneplum Juice;Guava pineapple Juice;Orange Juice","Cran Wata","Fruits (no milk)"
"2025/04/17 12:02:26 PM EST","Female","Kingston 5 ","Millennials (30 - 44)","Cooked-up Saltfish","Fry Dumpling;Breadfruit;Fritters","Porridge;Sandwich","Chicken;Fish;Goat","Fry Chicken;Curry Goat;Escovitch Fish;Soup","Rice and Peas;Raw vegetables salad","Jamaican ( eg. brown stew, run down, escoveitch)","Pine & ginger Juice;Guava pineapple Juice","Cran Wata","Banana, oats, nutmegs, almond milk"
"2025/04/17 12:36:21 PM EST","Female","Kgn 6","Young Adult (20 - 29)","Egg","White hardo bread ","Ice coffee or nothing at all","Chicken","Fry Chicken;Soup","Rice and Peas","Indian (eg. curry)","Orange Juice","Carry water from my home. Caah fi buy juice these days ","Fruits (with milk)"
"2025/05/02 7:35:41 AM EST","Male","Kingston 19","Young Adult (20 - 29)","Ackee & Saltfish","Fry Dumpling;Bammy;Breadfruit","Porridge;Fruits","Chicken;Goat","Bake Chicken;Barbe-Fry Chicken;Jerk Chicken;Mutton;Curry Goat;Sandwich/Burger","Rice and Peas;Fries;Raw vegetables salad;Festival","Jamaican ( eg. brown stew, run down, escoveitch)","Guava pineapple Juice;Beetroot Juice","Box drink","Fruits (no milk)"
"2025/05/03 3:26:19 AM EST","Male","","Millennials (30 - 44)","Beans and sausage","Fry Dumpling;Bammy","Pancakes;French Toast;Bacon","Fish","Fry Chicken;Bake Chicken;Brown Stew Fish;Soup;Sandwich/Burger","Rice and Peas;Fries;Festival","Chinese (eg. stir fries)","Guava pineapple Juice;Beetroot Juice","Tropical Rythm","Fruits (no milk)"
"2025/05/06 9:28:15 AM EST","Male","Kingston 8","Young Adult (20 - 29)","Egg","Fry Dumpling;Fritters","French Toast;Waffles;Scrambled Eggs;Sandwich","Chicken;Fish;Pork;Goat;Beef","Fry Chicken;Bake Chicken;Jerk Chicken;Patty;Pizza","Rice and Peas;Fries","Jamaican ( eg. brown stew, run down, escoveitch)","Pine & ginger Juice;Juneplum Juice;Guava pineapple Juice;Beetroot Juice;Orange Juice","Cran Wata","Fruits (no milk)"
"2025/05/10 3:18:16 PM EST","Male","Kingston 7","Millennials (30 - 44)","Cooked-up Saltfish","Fry Dumpling","French Toast;Scrambled Eggs","Chicken","Curry Goat","Rice and Peas","Jamaican ( eg. brown stew, run down, escoveitch)","Pine & ginger Juice","Cran Wata","Banana, oats, nutmegs, almond milk"
"2025/05/10 3:28:37 PM EST","Male","Kingston 4","Teenager (12 - 19)","Egg","Hashbrown","Pancakes","Pork","Jerk Chicken","Macaroni salad","Indian (eg. curry)","Guava pineapple Juice","Soft drink","Fruits (no milk)"
"2025/05/10 3:29:15 PM EST","Female","Kingston 7","Young Adult (20 - 29)","Ackee & Saltfish","Ground Provision/ Soul Food;Boiled Dumpling;Breadfruit;Fritters","Porridge;Pancakes;Bacon;Scrambled Eggs;Fruits","Chicken;Goat;Beef","Fry Chicken;Barbe-Fry Chicken;Curry Goat;Soup;Patty;Pizza;Sandwich/Burger","Rice and Peas;Coco Bread;White Rice;Mashed potatoes;Fries;Raw vegetables salad;Festival","Jamaican ( eg. brown stew, run down, escoveitch)","Pine & ginger Juice;Juneplum Juice;Guava pineapple Juice","Cran Wata","Fruits (no milk)"
"2025/05/10 3:37:32 PM EST","Male","","Young Adult (20 - 29)","Ackee & Saltfish","Fry Dumpling","Pancakes;Bacon;Sausage;Fruits","Chicken;Pork","Fry Chicken;Soup","White Rice","Jamaican ( eg. brown stew, run down, escoveitch)","Guava pineapple Juice;Orange Juice","Soft drink","Banana, oats, nutmegs, almond milk"
"2025/05/10 3:57:20 PM EST","Female","Kingstown 8","Millennials (30 - 44)","Ackee & Saltfish","Fry Dumpling;Breadfruit;Fritters","Pancakes;Bacon;Scrambled Eggs","Fish;Pork;Goat;Beef","Fry Chicken;Curry Goat;Stew Pork;Sandwich/Burger","Mashed potatoes;Fries;Raw vegetables salad;Macaroni salad","Chinese (eg. stir fries)","Guava pineapple Juice;Beetroot Juice;Orange Juice","Soft drink","Banana, oats, nutmegs, almond milk"
"2025/05/10 5:38:08 PM EST","Female","Kingston 6","Millennials (30 - 44)","Ackee & Saltfish","Ground Provision/ Soul Food;Breadfruit","Sandwich","Chicken","Soup;Sandwich/Burger","Fries","Chinese (eg. stir fries)","Pine & ginger Juice","Wata","Fruits (with milk)"
"2025/05/10 8:39:06 PM EST","Female","Portmore ","Millennials (30 - 44)","Cooked-up Saltfish","Fritters","Waffles","Fish","Pizza","Fries;Raw vegetables salad","Jamaican ( eg. brown stew, run down, escoveitch)","Pine & ginger Juice","Soft drink","Banana, oats, nutmegs, almond milk"
"2025/05/10 8:59:21 PM EST","Female","Kingston 10","Young Adult (20 - 29)","Callaloo","Fry Dumpling;Breadfruit;Fritters","Porridge","Chicken;Fish;Pork;Goat","Soup","Rice and Peas","Chinese (eg. stir fries)","Pine & ginger Juice","Water","Fruits (no milk)"
"2025/05/10 9:25:16 PM EST","Male","Kingston","Millennials (30 - 44)","Egg","Fry Dumpling","Porridge","Fish","Bake Chicken","Rice and Peas","Vegan/Ital/Rastafarian (eg. Tofu, Veggie chunks, lentils)","Orange Juice","Tropicana","Banana, oats, nutmegs, almond milk"
"2025/05/10 9:26:51 PM EST","Female","Kingston ","Millennials (30 - 44)","Cooked-up Saltfish","Boiled Dumpling;Breadfruit","Scrambled Eggs","Chicken;Fish","Jerk Chicken;Jerk Pork;Pizza","Rice and Peas;Alfredo pasta;Macaroni salad;Festival","Jamaican ( eg. brown stew, run down, escoveitch)","Pine & ginger Juice","Tropical Rythm","Banana, oats, nutmegs, almond milk"
"2025/05/10 9:28:26 PM EST","Female","Kingston","Young Adult (20 - 29)","Ackee & Saltfish","Ground Provision/ Soul Food;Boiled Dumpling","Pancakes;Bacon;Scrambled Eggs","Chicken;Fish;Pork;Goat;Beef","Jerk Chicken;Jerk Pork","Rice and Peas;Alfredo pasta;Raw vegetables salad;Macaroni salad;Festival","Jamaican ( eg. brown stew, run down, escoveitch)","Guava pineapple Juice","Cran Wata","Banana, oats, nutmegs, almond milk"
"2025/05/10 10:23:32 PM EST","Female","Kingston 6","Young Adult (20 - 29)","Ackee & Saltfish","Ground Provision/ Soul Food;Boiled Dumpling;Breadfruit","French Toast;Scrambled Eggs;Fruits","Chicken","Fry Chicken;Jerk Chicken;Curry Goat;Patty;Pizza;Sandwich/Burger","Rice and Peas;Coco Bread;Mashed potatoes;Fries","Chinese (eg. stir fries)","Pine & ginger Juice;Juneplum Juice","Ocean Spray/flavor splash","Fruits (no milk)"
"2025/05/10 10:32:05 PM EST","Male","Kingston 7","Young Adult (20 - 29)","Ackee & Saltfish","Ground Provision/ Soul Food;Fry Dumpling;Boiled Dumpling;Breadfruit;Fritters;Festival","Porridge;Pancakes;Scrambled Eggs","Chicken","Fry Chicken;Bake Chicken;Barbe-Fry Chicken;Jerk Chicken;Soup;Patty;Sandwich/Burger","Rice and Peas;White Rice;Mashed potatoes;Raw vegetables salad;Festival","Jamaican ( eg. brown stew, run down, escoveitch)","Pine & ginger Juice;Orange Juice","Cran Wata","Fruits (with milk)"
"2025/05/10 10:40:39 PM EST","Male","Kingston 19","Young Adult (20 - 29)","","Ground Provision/ Soul Food","Pancakes;Scrambled Eggs;Sausage","Chicken;Fish;Goat;Beef","Fry Chicken;Patty","Rice and Peas;Coco Bread;Alfredo pasta;Fries","Indian (eg. curry)","Orange Juice","Soft drink","Banana, oats, nutmegs, almond milk"
"2025/05/10 10:41:07 PM EST","Male","","Young Adult (20 - 29)","Egg","Fry Dumpling;Festival","French Toast;Scrambled Eggs;Fruits","Chicken;Fish;Pork;Goat","Fry Chicken;Barbe-Fry Chicken","Rice and Peas","Chinese (eg. stir fries)","Pine & ginger Juice;Guava pineapple Juice;Orange Juice","Tropical Rythm","Fruits (with milk)"
"2025/05/10 11:10:37 PM EST","Male","","Millennials (30 - 44)","Kidney","Ground Provision/ Soul Food;Fry Dumpling;Boiled Dumpling","Porridge;Sandwich","Fish;Don't eat meat","Escovitch Fish","White Rice;Raw vegetables salad","Vegan/Ital/Rastafarian (eg. Tofu, Veggie chunks, lentils)","Beetroot Juice","Cran Wata","Spinach, Skim Milk, Chia Seeds"
"2025/05/10 11:14:20 PM EST","Male","Kingston 10","Young Adult (20 - 29)","Egg","Ground Provision/ Soul Food;Fry Dumpling;Breadfruit;Fritters","Porridge;Bacon;Scrambled Eggs;Sausage","Chicken;Pork;Goat;Beef","Fry Chicken;Bake Chicken;Barbe-Fry Chicken","Rice and Peas;White Rice;Alfredo pasta;Mashed potatoes;Macaroni salad;Festival","Indian (eg. curry)","Orange Juice","Box drink","Fruits (with milk)"
"2025/05/10 11:15:50 PM EST","Female","","Generation x ( 45+)","Callaloo","Ground Provision/ Soul Food;Boiled Dumpling","Porridge;Scrambled Eggs","Chicken","Fry Chicken","Rice and Peas","Jamaican ( eg. brown stew, run down, escoveitch)","Juneplum Juice","Box drink","Fruits (no milk)"
"2025/05/10 11:37:54 PM EST","Male","Kingston 5","Young Adult (20 - 29)","Ackee & Saltfish","Breadfruit","Porridge","Chicken","Fry Chicken","Rice and Peas","Jamaican ( eg. brown stew, run down, escoveitch)","Juneplum Juice","Cran Wata","Banana, oats, nutmegs, almond milk"
"2025/05/11 3:18:24 AM EST","Female","Kingston 10","Young Adult (20 - 29)","Beans and sausage","Fritters;Festival","Porridge;Bacon;Scrambled Eggs;Sandwich","Fish;Pork;Goat","Curry Goat;Jerk Pork;Stew Pork;Escovitch Fish","Rice and Peas;Raw vegetables salad","Jamaican ( eg. brown stew, run down, escoveitch)","Pine & ginger Juice;Beetroot Juice","Soft drink","Fruits (with milk)"
"2025/05/11 3:21:51 AM EST","Male","Kingston 7","Young Adult (20 - 29)","Cooked-up Saltfish","Ground Provision/ Soul Food;Boiled Dumpling;Bammy","Waffles;Bacon;Scrambled Eggs;Sandwich;Sausage;Fruits","Chicken;Fish;Pork;Goat","Fry Chicken;Bake Chicken;Barbe-Fry Chicken;Jerk Chicken;Curry Goat;Jerk Pork;Stew Pork;Escovitch Fish;Soup;Patty;Pizza;Sandwich/Burger","Rice and Peas;Coco Bread;Mashed potatoes;Macaroni salad","Jamaican ( eg. brown stew, run down, escoveitch)","Juneplum Juice;Guava pineapple Juice;Orange Juice","Sparkling Cran Wata","Banana, oats, nutmegs, almond milk"
"2025/05/11 3:24:17 AM EST","Female","Kingston 7","Young Adult (20 - 29)","Ackee & Saltfish","Ground Provision/ Soul Food;Fry Dumpling","Waffles;Bacon;Scrambled Eggs;Sausage;Fruits","Chicken;Fish;Pork;Goat;Beef","Bake Chicken;Barbe-Fry Chicken;Curry Goat;Stew Pork;Soup;Patty;Pizza","Rice and Peas;White Rice;Raw vegetables salad","Jamaican ( eg. brown stew, run down, escoveitch)","Pine & ginger Juice;Guava pineapple Juice","Cran Wata","Fruits (no milk)"
"2025/05/11 10:38:17 PM EST","Female","Kingston 7","Young Adult (20 - 29)","Egg","Festival","Pancakes;Bacon","Chicken","Fry Chicken;Pizza;Sandwich/Burger","Mashed potatoes;Fries","Chinese (eg. stir fries)","Orange Juice","Soft drink","Fruits (no milk)"
"2025/05/11 10:48:02 PM EST","Female","Kingston 6","Young Adult (20 - 29)","Ackee & Saltfish","Fry Dumpling;Breadfruit;Fritters;Hashbrown","Porridge;Sandwich","Chicken;Pork","Fry Chicken;Patty;Sandwich/Burger","White Rice;Alfredo pasta;Mashed potatoes;Festival","Chinese (eg. stir fries)","Pine & ginger Juice;Sorrel","Cran Wata","Spinach, Skim Milk, Chia Seeds"
"2025/05/11 10:51:10 PM EST","Female","Kingston 10","Millennials (30 - 44)","Beans and sausage","Fry Dumpling;Boiled Dumpling","Porridge","Fish","Patty","Coco Bread","Jamaican ( eg. brown stew, run down, escoveitch)","Pine & ginger Juice","Sparkling Cran Wata","Spinach, Skim Milk, Chia Seeds"
"2025/05/11 10:55:45 PM EST","Female","Kingston 6","Generation x ( 45+)","Liver","Ground Provision/ Soul Food;Boiled Dumpling","Sandwich","Chicken","Curry Goat","White Rice","Jamaican ( eg. brown stew, run down, escoveitch)","Juneplum Juice","Sparkling Cran Wata","Berry mix"
"2025/05/11 10:58:58 PM EST","Female","Spanish Town PO","Millennials (30 - 44)","Cooked-up Saltfish","Ground Provision/ Soul Food;Fry Dumpling;Breadfruit","Sandwich","Fish;Goat","Jerk Chicken","Rice and Peas","Indian (eg. curry)","Pine & ginger Juice","Soft drink","Fruits (no milk)"
"2025/05/12 1:37:48 AM EST","Male","Kingston 6","Young Adult (20 - 29)","Cooked-up Saltfish","Boiled Dumpling;Bammy;Breadfruit;Hashbrown","French Toast;Waffles;Scrambled Eggs","Fish;Goat","Fry Chicken;Bake Chicken;Curry Goat;Escovitch Fish;Pizza","Coco Bread;Alfredo pasta;Macaroni salad","Indian (eg. curry)","Callaloo Juice;Guava pineapple Juice","Box drink","Stawberry, apple"
"2025/05/12 1:38:31 AM EST","Male","","Generation x ( 45+)","Ackee & Saltfish","Fry Dumpling;Breadfruit","Pancakes;Waffles","Pork;Beef","Fry Chicken;Bake Chicken;Barbe-Fry Chicken;Jerk Chicken","Coco Bread;Mashed potatoes;Raw vegetables salad","Chinese (eg. stir fries)","Callaloo Juice;Beetroot Juice;Orange Juice","Squeeze","Banana, oats, nutmegs, almond milk"
"2025/05/12 1:39:24 AM EST","Male","","Teenager (12 - 19)","Liver","Fritters;Hashbrown","Pancakes;Bacon;Scrambled Eggs","Chicken;Beef","Mutton;Escovitch Fish;Brown Stew Fish","Coco Bread;Festival","African (eg. Pepper-pot soups)","Guava pineapple Juice;Beetroot Juice","Tropicana","Fruits (no milk)"
"2025/05/12 1:39:57 AM EST","Male","","Generation x ( 45+)","Liver","Breadfruit;Festival","French Toast;Bacon;Fruits","Goat;Don't eat meat","Curry Goat;Stew Pork;Soup","Rice and Peas;Mashed potatoes;Fries;Raw vegetables salad","Jamaican ( eg. brown stew, run down, escoveitch)","Pine & ginger Juice;Callaloo Juice;Guava pineapple Juice","Sparkling Cran Wata","Fruits (no milk)"
"2025/05/12 11:09:07 AM EST","Female","Kingston 6","Young Adult (20 - 29)","Callaloo","Ground Provision/ Soul Food","Sandwich","Chicken","Fry Chicken;Bake Chicken;Barbe-Fry Chicken","Rice and Peas;White Rice;Raw vegetables salad;Macaroni salad","Jamaican ( eg. brown stew, run down, escoveitch)","Beetroot Juice","Tropicana","Fruits (no milk)"
"2025/05/12 11:10:18 AM EST","Female","Kingston 10","Young Adult (20 - 29)","Cooked-up Saltfish","Ground Provision/ Soul Food;Fry Dumpling;Boiled Dumpling;Bammy;Breadfruit","Porridge;Sandwich;Fruits","Chicken;Fish;Pork;Goat;Beef","Fry Chicken;Bake Chicken;Barbe-Fry Chicken;Soup;Patty;Sandwich/Burger","Rice and Peas;White Rice;Raw vegetables salad;Festival","Jamaican ( eg. brown stew, run down, escoveitch)","Pine & ginger Juice","Box drink","Fruits (no milk)"
"2025/05/12 11:11:23 AM EST","Male","Kingston 10","Young Adult (20 - 29)","Ackee & Saltfish","Ground Provision/ Soul Food;Fry Dumpling;Boiled Dumpling;Bammy;Breadfruit;Fritters;Festival","Porridge;Sandwich;Fruits","Chicken;Pork;Goat;Beef","Fry Chicken;Bake Chicken;Barbe-Fry Chicken;Jerk Chicken;Curry Goat;Soup;Patty","Rice and Peas;Coco Bread;White Rice","Jamaican ( eg. brown stew, run down, escoveitch)","Guava pineapple Juice","Soft drink","Fruits (no milk)"
"2025/05/12 11:12:19 AM EST","Male","Kingston 10","Millennials (30 - 44)","Ackee & Saltfish","Ground Provision/ Soul Food;Boiled Dumpling;Bammy;Breadfruit;Festival","Porridge;Sandwich;Fruits","Chicken;Fish;Pork;Goat","Fry Chicken;Bake Chicken;Mutton;Curry Goat;Escovitch Fish;Soup;Patty","Rice and Peas;White Rice;Raw vegetables salad;Festival","Jamaican ( eg. brown stew, run down, escoveitch)","Pine & ginger Juice","Box drink","Fruits (no milk)"